id,0,1,2,3,4,5,6,7,8,9,10,11,12,13,14,15,16,17,18,19,20,21,22,23,24,25,26,27,28,29,30,31,32,33,34,35,36,37,38,39,40,41,42,43,44,45,46,47,48,49,50,51,52,53,54,55,56,57,58,59,60,61,62,63,64,65,66,67,68,69,70,71,72,73,74,75,76,77,78,79,80,81,82,83,84,85,86,87,88,89,90,91,92,93,94,95,96,97,98,99,100,101,102,103,104,105,106,107,108,109,110,111,112,113,114,115,116,117,118,119,120,121,122,123,124,125,126,127,128,129,130,131,132,133,134,135,136,137,138,139,140,141,142,143,144,145,146,147,148,149,150,151,152,153,154,155,156,157,158,159,160,161,162,163,164,165,166,167,168,169,170,171,172,173,174,175,176,177,178,179,180,181,182,183,184,185,186,187,188,189,190,191,192,193,194,195,196,197,198,199,200,201,202,203,204,205,206,207,208,209,210,211,212,213,214,215,216,217,218,219,220,221,222,223,224,225,226,227,228,229,230,231,232,233,234,235,236,237,238,239,240,241,242,243,244,245,246,247,248,249,250,251,252,253,254,255,256,257,258,259,260,261,262,263,264,265,266,267,268,269,270,271,272,273,274,275,276,277,278,279,280,281,282,283,284,285,286,287,288,289,290,291,292,293,294,295,296,297,298,299,300,301,302,303,304,305,306,307,308,309,310,311,312,313,314,315,316,317,318,319,OT
q0,0.00000944,0.00000001,0.00000002,0.00000007,0.00000100,0.00000030,0.00000002,0.00000000,0.00000000,0.00000000,0.00000000,0.00000000,0.00000001,0.00000026,0.00000000,0.00000082,0.00000002,0.00004473,0.00004449,0.00000004,0.00000000,0.00000025,0.00001236,0.00043702,0.00007654,0.00026837,0.00046847,0.00000084,0.00000001,0.00000004,0.00000015,0.00000810,0.00041789,0.00015017,0.00004891,0.00001351,0.00106552,0.00000186,0.00000037,0.00000001,0.00000000,0.00000004,0.00000001,0.00000912,0.00021410,0.00000001,0.00003850,0.00000090,0.00000009,0.00000000,0.00000000,0.00000008,0.00002860,0.00000667,0.00103305,0.00000003,0.00000019,0.00000001,0.00000000,0.00000000,0.00000002,0.00000005,0.00000499,0.00000135,0.00000564,0.00000010,0.00001968,0.00000000,0.00000000,0.00000000,0.00000000,0.00000000,0.00000000,0.00000000,0.00000000,0.00000003,0.00000001,0.00000000,0.00000000,0.00000000,0.00000000,0.00000000,0.00000000,0.00000001,0.00000020,0.00000002,0.00000000,0.00000000,0.00000000,0.00000000,0.00000001,0.00000000,0.00000019,0.00009954,0.00088179,0.00009075,0.00004228,0.00000012,0.00000000,0.00000009,0.00000000,0.00000000,0.00000000,0.00000001,0.00003239,0.00000008,0.00000000,0.00000000,0.00000000,0.00000002,0.00000007,0.00000000,0.00000000,0.00000000,0.00000000,0.00000010,0.00000000,0.00000001,0.00000000,0.00000000,0.00000143,0.00000001,0.00000289,0.00000002,0.00002436,0.00000227,0.00037525,0.00000009,0.00000025,0.00000151,0.00000009,0.00000041,0.00005349,0.00000830,0.00000003,0.00000000,0.00000044,0.00002196,0.00000001,0.00000459,0.00000000,0.00000000,0.00000027,0.00013107,0.00001296,0.00000007,0.00050004,0.00000216,0.00000144,0.00002107,0.00000014,0.00000005,0.00000094,0.00000001,0.00020224,0.00000491,0.00012007,0.00063765,0.00044115,0.00005089,0.00000064,0.00003436,0.00000139,0.00004214,0.00000001,0.00010233,0.00077614,0.00137414,0.00012661,0.00099924,0.00000441,0.00001518,0.00041029,0.00003759,0.00004403,0.00160846,0.00398637,0.00536749,0.00055654,0.00084536,0.00000065,0.00044382,0.05355881,0.00000525,0.00257586,0.00079626,0.00131098,0.00505192,0.00043573,0.00156267,0.00005924,0.00325402,0.00000012,0.00091806,0.00504717,0.01117561,0.00267541,0.01553367,0.00112546,0.00000323,0.00000095,0.00001404,0.00004990,0.00000431,0.00127149,0.03613742,0.00530028,0.01742117,0.00044791,0.01383756,0.00117879,0.00010133,0.00159508,0.00229224,0.00103027,0.00668409,0.01895644,0.00623211,0.00053896,0.00077240,0.00006140,0.00000250,0.00546658,0.02794762,0.01269403,0.00461786,0.00770674,0.00496536,0.02596668,0.01637753,0.00136981,0.03809980,0.02075760,0.01432922,0.04297433,0.04467870,0.00566611,0.00016513,0.00832935,0.05768709,0.04626673,0.00764477,0.00547836,0.00161695,0.03737386,0.00109457,0.02564878,0.00529477,0.01857357,0.03503338,0.00507830,0.00005861,0.02610237,0.02932019,0.01497622,0.00022158,0.00360936,0.00134438,0.00880672,0.00210482,0.00365440,0.00072195,0.00075746,0.00397530,0.01331719,0.00901144,0.01533475,0.01269784,0.00423329,0.00032837,0.00030664,0.00055589,0.00197620,0.00073141,0.00252753,0.00000184,0.00006161,0.00350849,0.00003393,0.00058676,0.00018627,0.00004006,0.00013537,0.00005328,0.00000177,0.01747851,0.00010075,0.00352722,0.01111697,0.00018972,0.00010787,0.00009427,0.00000018,0.00255448,0.00543105,0.00702318,0.00002442,0.00000635,0.00002949,0.00001028,0.00000092,0.00000001,0.00021392,0.00035546,0.00052319,0.00000033,0.00670144,0.00046020,0.00042507,0.00015725,0.00000005,0.00000021,0.00007218,0.00000005,0.00793715,0.00111355,0.00001593,0.00000000,0.00000277,0.00013435,0.00000000
q1,0.00000000,0.00000108,0.00000101,0.00000000,0.00000000,0.00000000,0.00003106,0.00000000,0.00003639,0.00000001,0.00047127,0.00004596,0.00170612,0.00000002,0.00000594,0.00001255,0.00025001,0.00000000,0.00000000,0.00000269,0.01317541,0.00000000,0.00000000,0.00000000,0.00000000,0.00000000,0.00000000,0.00000000,0.00000000,0.00000000,0.00000000,0.00000000,0.00000000,0.00000000,0.00000000,0.00000000,0.00000000,0.00000000,0.00000000,0.00000000,0.00000000,0.00000000,0.00000000,0.00000000,0.00000000,0.00000113,0.00000000,0.00000000,0.00000000,0.00000000,0.00047679,0.00000926,0.00000000,0.00000000,0.00000000,0.00079843,0.00000000,0.00000126,0.00023773,0.00057023,0.00782766,0.00670365,0.00000000,0.00000000,0.00000000,0.00036340,0.00000000,0.00004684,0.00019748,0.00024933,0.00007120,0.00000003,0.00000000,0.00000000,0.00000000,0.00279835,0.00000116,0.00000000,0.00000001,0.00062008,0.00494482,0.00002928,0.02190317,0.00000075,0.00000000,0.01273198,0.00207766,0.00000458,0.00009005,0.00291064,0.00080367,0.00000063,0.00000000,0.00000000,0.00000000,0.00000000,0.00000000,0.00000000,0.00000017,0.00000001,0.00516674,0.00594805,0.04361202,0.00000265,0.00000000,0.00444163,0.00877072,0.00001803,0.00000013,0.00000000,0.00051410,0.00516050,0.02592311,0.00103091,0.00760723,0.00716509,0.00356475,0.00023429,0.00632939,0.00288524,0.00045600,0.00405720,0.00031500,0.00000144,0.00000000,0.00010245,0.00000000,0.00000002,0.00000000,0.00000700,0.00655209,0.00000001,0.00000000,0.00000000,0.00000000,0.27882534,0.00000015,0.00000000,0.00047528,0.00000000,0.00770147,0.47704905,0.00004404,0.00000000,0.00000000,0.00111966,0.00000000,0.00000000,0.00000000,0.00000000,0.00170163,0.00801664,0.00007942,0.00083716,0.00000000,0.00000308,0.00000000,0.00000000,0.00000000,0.00000000,0.00182861,0.00000000,0.00000006,0.00000000,0.00000000,0.00000002,0.00000000,0.00000000,0.00000000,0.00000000,0.00006679,0.00000000,0.00000000,0.00000004,0.00000002,0.00000000,0.00000000,0.00000000,0.00000000,0.00000000,0.00009675,0.00000000,0.00000000,0.00000493,0.00000000,0.00000000,0.00000000,0.00000000,0.00000000,0.00000000,0.00000003,0.00000000,0.00000000,0.00000000,0.00000000,0.00000000,0.00000000,0.00000000,0.00000000,0.00000508,0.00003865,0.00000056,0.00000000,0.00000000,0.00000000,0.00000000,0.00000000,0.00000000,0.00000000,0.00000000,0.00000000,0.00000000,0.00000000,0.00000000,0.00000000,0.00000000,0.00000000,0.00000000,0.00000000,0.00000000,0.00000000,0.00000002,0.00000000,0.00000000,0.00000000,0.00000000,0.00000000,0.00000000,0.00000000,0.00000000,0.00000000,0.00000000,0.00000000,0.00000000,0.00000000,0.00000000,0.00000000,0.00000000,0.00000000,0.00000000,0.00000000,0.00000000,0.00000000,0.00000000,0.00000000,0.00000000,0.00000000,0.00000000,0.00000000,0.00000000,0.00000000,0.00000000,0.00000000,0.00000000,0.00000000,0.00000000,0.00000000,0.00000000,0.00000000,0.00000000,0.00000000,0.00000000,0.00000000,0.00000000,0.00000000,0.00000000,0.00000000,0.00000000,0.00000000,0.00000000,0.00000000,0.00000000,0.00000000,0.00000000,0.00000000,0.00000048,0.00000000,0.00000000,0.00000000,0.00000000,0.00000000,0.00000000,0.00000000,0.00000000,0.00000000,0.00000000,0.00000000,0.00000000,0.00000000,0.00000000,0.00000000,0.00000000,0.00000000,0.00000000,0.00000000,0.00000000,0.00000000,0.00000000,0.00000000,0.00000000,0.00000000,0.00000000,0.00000000,0.00000000,0.00000000,0.00000000,0.00000000,0.00000000,0.00000000,0.00000000,0.00000000,0.00000000,0.00000000,0.00000000,0.00000000,0.00000000,0.00000000,0.00000000,0.00000000,0.00000000,0.00002829
q2,0.00121866,0.00000000,0.00000000,0.00000000,0.00000229,0.00000000,0.00000000,0.00000000,0.00000000,0.00000000,0.00000000,0.00000000,0.00000000,0.00000000,0.00000000,0.00000000,0.00000000,0.00000565,0.00014760,0.00000000,0.00000000,0.00000063,0.00068508,0.00000194,0.00043840,0.00000000,0.00000083,0.00000000,0.00000000,0.00000000,0.00000000,0.00000000,0.00000000,0.00000000,0.00000000,0.00000000,0.00002693,0.00000000,0.00000000,0.00000000,0.00000000,0.00000000,0.00000000,0.00000001,0.00229050,0.00000000,0.00000588,0.00000002,0.00000040,0.00000000,0.00000000,0.00000000,0.00000616,0.00000002,0.00000039,0.00000000,0.00000020,0.00000000,0.00000000,0.00000000,0.00000000,0.00000000,0.00006706,0.00002233,0.00000460,0.00000000,0.00014890,0.00000000,0.00000000,0.00000000,0.00000000,0.00000000,0.00000000,0.00000000,0.00000000,0.00000000,0.00000000,0.00000000,0.00000000,0.00000000,0.00000000,0.00000000,0.00000000,0.00000000,0.00000004,0.00000000,0.00000000,0.00000000,0.00000000,0.00000000,0.00000000,0.00000000,0.00000000,0.00000000,0.00000014,0.00000000,0.00000006,0.00000000,0.00000000,0.00000000,0.00000000,0.00000000,0.00000000,0.00000000,0.00000001,0.00000000,0.00000000,0.00000000,0.00000000,0.00000000,0.00000000,0.00000000,0.00000000,0.00000000,0.00000000,0.00000000,0.00000000,0.00000000,0.00000000,0.00000000,0.00000000,0.00000000,0.00000000,0.00000000,0.00003662,0.00000000,0.00081482,0.00000000,0.00016717,0.00000000,0.00000000,0.00000000,0.00117325,0.00003541,0.00000000,0.00000000,0.00000040,0.00000391,0.00000000,0.00000015,0.00000000,0.00000000,0.00000000,0.00052303,0.00013549,0.00000000,0.59053421,0.00067396,0.00002290,0.00000000,0.00000000,0.00000000,0.00000000,0.00000000,0.00000003,0.00000000,0.00000018,0.00008781,0.00029659,0.00000000,0.00000000,0.00010493,0.00000003,0.00000027,0.00000000,0.00000070,0.00000838,0.00089552,0.00073511,0.00000079,0.00000000,0.00000014,0.00000027,0.00000001,0.00000017,0.00000009,0.00115520,0.00795080,0.04938080,0.00021649,0.00000000,0.01066276,0.00826024,0.00000000,0.01987919,0.00000543,0.00039926,0.00098241,0.00037294,0.00007778,0.00000001,0.00080122,0.00000000,0.01804021,0.00403180,0.00020055,0.01820072,0.00000414,0.00146803,0.00000000,0.00000000,0.00000000,0.00000000,0.00000000,0.00412513,0.00000198,0.00000017,0.00001348,0.00026605,0.00000006,0.00000003,0.00000000,0.00097084,0.00048396,0.00139380,0.00141880,0.00239733,0.01206343,0.00060172,0.00000570,0.00000000,0.00000000,0.00000204,0.00372362,0.00084179,0.00000001,0.00059614,0.00441232,0.00690745,0.01235161,0.00000000,0.00001458,0.00000525,0.00046505,0.00003209,0.00142003,0.00410831,0.00000000,0.00050051,0.00008381,0.00000322,0.00110578,0.00277827,0.00000352,0.00067503,0.14299837,0.00081055,0.00047266,0.00108945,0.00001822,0.00000000,0.00000000,0.00169158,0.00005387,0.00007029,0.00001026,0.00061224,0.00109941,0.00068030,0.00000045,0.00012277,0.00004583,0.00474814,0.00000008,0.00345761,0.00055837,0.00066954,0.00003765,0.00004754,0.00000003,0.00020907,0.00019462,0.00257529,0.00029370,0.00162005,0.00000000,0.00000019,0.00000004,0.00000000,0.00000000,0.00000048,0.00000002,0.00000009,0.00000000,0.00000000,0.00023656,0.00000035,0.00000023,0.00003868,0.00000181,0.00000000,0.00021861,0.00000000,0.00008398,0.00010431,0.00000000,0.00000000,0.00000000,0.02585981,0.00000000,0.00000000,0.00000000,0.00000009,0.00000000,0.00000006,0.00000000,0.00000008,0.00000369,0.00000217,0.00000000,0.00000000,0.00000000,0.00000144,0.00000000,0.00206940,0.00000002,0.00000000,0.00000000,0.00000000,0.00000000,0.00000000
q3,0.00028675,0.00000008,0.00000002,0.00000000,0.00000001,0.00000004,0.00000076,0.00000000,0.00000000,0.00000000,0.00000000,0.00000000,0.00000580,0.00000209,0.00000004,0.00006397,0.00003402,0.00002950,0.00859217,0.00000069,0.00000137,0.00000003,0.00000025,0.00000000,0.00000000,0.00000138,0.00000006,0.00000000,0.00000000,0.00000000,0.00000000,0.00000000,0.00000000,0.00000000,0.00000000,0.00000000,0.00000001,0.00000000,0.00000000,0.00000000,0.00000000,0.00000000,0.00000000,0.00000000,0.00000012,0.00000001,0.00000039,0.00000000,0.00000003,0.00000000,0.00000003,0.00000056,0.00000000,0.00000000,0.00000124,0.00002317,0.00000002,0.00000000,0.00000000,0.00000000,0.00000372,0.00002370,0.00084752,0.00012403,0.00000043,0.00050491,0.00269813,0.00000019,0.00000001,0.00000000,0.00000000,0.00000000,0.00000000,0.00000000,0.00000000,0.00000866,0.00000009,0.00000000,0.00000000,0.00000000,0.00000006,0.00000000,0.00000144,0.00000004,0.00000039,0.00001543,0.00000005,0.00000004,0.00000000,0.00000001,0.00000033,0.00000000,0.00000001,0.00000000,0.00001938,0.00006719,0.00029828,0.00000000,0.00000000,0.00000000,0.00000020,0.00000001,0.00000050,0.00000001,0.00023903,0.00001905,0.00000010,0.00000000,0.00000000,0.00000000,0.00000832,0.00000003,0.00000160,0.00000001,0.00000132,0.00004823,0.00000987,0.00000193,0.00000155,0.00000001,0.00098122,0.00000330,0.00093842,0.00000011,0.00294661,0.00062963,0.02070048,0.00000003,0.00001046,0.00105091,0.00003487,0.00000148,0.00027319,0.00037761,0.00000003,0.00000076,0.00041057,0.00000000,0.00001163,0.00000008,0.00000053,0.00000069,0.00096895,0.00001492,0.00188455,0.00022069,0.00002830,0.00052747,0.00004996,0.00000051,0.00004968,0.00002526,0.00015429,0.00000008,0.00065819,0.00903511,0.06399956,0.02605345,0.00971004,0.00027859,0.00361242,0.00000030,0.00057593,0.00467773,0.00000000,0.14498033,0.06423911,0.00062821,0.00022885,0.09377806,0.01188097,0.00020459,0.00002096,0.01971512,0.03968055,0.05596427,0.01357914,0.00000676,0.00003560,0.01377605,0.00066190,0.00518863,0.00060539,0.00242530,0.00442374,0.09752312,0.03225118,0.00002824,0.00518947,0.00126629,0.02659055,0.00091189,0.00000015,0.00018840,0.00054080,0.01034389,0.00024398,0.00460777,0.00893154,0.00087512,0.00016178,0.00479436,0.00002704,0.00000000,0.00000712,0.00009182,0.00022976,0.00000198,0.00153445,0.00000176,0.00242929,0.00000979,0.00000019,0.00081133,0.00001215,0.00486016,0.00347942,0.00013788,0.00714506,0.11262815,0.00089765,0.00007301,0.00000001,0.00012392,0.00000437,0.00340640,0.01667402,0.00000142,0.00071532,0.00115427,0.00148644,0.00001724,0.00001115,0.00000107,0.00021901,0.00003386,0.00720334,0.00024253,0.00000038,0.00001339,0.00016326,0.00000061,0.00000464,0.00000000,0.00003408,0.00002946,0.00020300,0.00000029,0.00005007,0.00016507,0.00105511,0.00000000,0.00001680,0.00000600,0.00107506,0.00000000,0.00000063,0.00000024,0.00000042,0.00000000,0.00000289,0.00000002,0.00000055,0.00000004,0.00000736,0.00000065,0.00005631,0.00000309,0.00000013,0.00000000,0.00000001,0.00000003,0.00000069,0.00000002,0.00000026,0.00005231,0.00000000,0.00000002,0.00000000,0.00000000,0.00000000,0.00000000,0.00000000,0.00000000,0.00000000,0.00000304,0.00000000,0.00000009,0.00000041,0.00000000,0.00000000,0.00000001,0.00000000,0.00000006,0.00000024,0.00000176,0.00000000,0.00000000,0.00000000,0.00000006,0.00000005,0.00000000,0.00000000,0.00000000,0.00000000,0.00000000,0.00000019,0.00000001,0.00000000,0.00000001,0.00000000,0.00000000,0.00000000,0.00000000,0.00001741,0.00000000,0.00000031,0.00000000,0.00000001,0.00000000,0.00000000
q4,0.03553713,0.00000000,0.00000000,0.00000000,0.00000490,0.00000000,0.00000000,0.00000000,0.00000000,0.00000000,0.00000000,0.00000000,0.00003713,0.00000006,0.00000122,0.00000000,0.00011170,0.00003834,0.02029258,0.00000001,0.00000124,0.00001611,0.00008512,0.00000000,0.00000022,0.00000000,0.00000000,0.00000000,0.00000000,0.00000000,0.00000000,0.00000000,0.00000000,0.00000000,0.00000000,0.00000000,0.00000000,0.00000000,0.00000000,0.00000000,0.00000000,0.00000000,0.00000000,0.00000000,0.00000242,0.00000000,0.00000074,0.00000000,0.00003234,0.00000000,0.00000000,0.00000000,0.00000001,0.00000000,0.00000000,0.00000175,0.00000659,0.00000000,0.00000000,0.00000000,0.00000000,0.00000002,0.06748588,0.05344953,0.00000687,0.00279457,0.06651948,0.00000124,0.00000445,0.00000000,0.00000000,0.00000000,0.00000007,0.00000000,0.00000000,0.00000002,0.00000002,0.00000000,0.00000000,0.00000000,0.00000003,0.00000000,0.00000012,0.00000000,0.00016726,0.00000002,0.00000006,0.00000052,0.00000000,0.00000000,0.00000000,0.00000000,0.00000000,0.00000000,0.00000001,0.00000000,0.00000648,0.00000000,0.00000000,0.00000000,0.00000000,0.00000000,0.00000000,0.00000000,0.00000231,0.00000008,0.00000003,0.00000000,0.00000000,0.00000000,0.00000000,0.00000028,0.00000001,0.00000003,0.00000177,0.00000003,0.00495843,0.00000502,0.00020195,0.00000000,0.00000004,0.00000040,0.00000000,0.00000000,0.01345429,0.00000003,0.02488361,0.00000000,0.21134798,0.00004303,0.00000001,0.00000000,0.02785161,0.01944759,0.00000793,0.00000001,0.01243409,0.00000000,0.00015341,0.00000015,0.00000059,0.00000001,0.00042072,0.00005241,0.03226133,0.00001145,0.00360219,0.34876007,0.00784426,0.00000000,0.00000000,0.00000000,0.00000000,0.00000000,0.00000034,0.00004796,0.00024182,0.00119375,0.00198662,0.00000000,0.00000286,0.00000296,0.00034585,0.00011639,0.00000001,0.00161235,0.00033749,0.00008272,0.00088220,0.00005081,0.00000269,0.00001804,0.00000006,0.00003477,0.00052198,0.00000281,0.00041545,0.00000163,0.00064848,0.00078980,0.00000046,0.01724583,0.00000432,0.00000018,0.00305262,0.00030916,0.00162593,0.00000095,0.00143223,0.00002510,0.00002106,0.00003519,0.00000027,0.00099369,0.00004607,0.00001987,0.00020157,0.00000037,0.00257395,0.00000004,0.00000000,0.00000048,0.00000000,0.00000000,0.00000698,0.00000000,0.00000001,0.00000000,0.00040115,0.00000000,0.00000014,0.00000000,0.00000006,0.00004314,0.00000707,0.00009860,0.00002751,0.00002338,0.00250979,0.00043440,0.00000000,0.00000009,0.00000000,0.00000118,0.00000005,0.00000001,0.00011961,0.00000029,0.00000860,0.00003862,0.00000000,0.00000000,0.00000000,0.00000001,0.00000003,0.00000010,0.00039118,0.00000000,0.00000001,0.00000000,0.00000000,0.00000002,0.00000046,0.00000000,0.00000006,0.00049249,0.00000061,0.00000002,0.00000039,0.00000002,0.00000000,0.00000000,0.00000011,0.00000000,0.00000092,0.00000000,0.00000005,0.00000012,0.00000001,0.00000000,0.00000004,0.00000000,0.00000161,0.00000000,0.00000026,0.00000001,0.00000035,0.00000000,0.00000000,0.00000000,0.00000001,0.00000001,0.00000030,0.00000001,0.00000007,0.00000000,0.00000000,0.00000000,0.00000000,0.00000000,0.00000000,0.00000000,0.00000000,0.00000000,0.00000000,0.00000001,0.00000000,0.00000000,0.00000000,0.00000000,0.00000000,0.00000010,0.00000000,0.00000000,0.00000000,0.00000000,0.00000000,0.00000000,0.00410649,0.00000000,0.00000000,0.00000000,0.00000000,0.00000000,0.00000000,0.00000000,0.00000000,0.00000000,0.00000000,0.00000000,0.00000000,0.00000000,0.00000000,0.00000000,0.00000092,0.00000000,0.00000000,0.00000000,0.00000000,0.00000000,0.00000000
q5,0.00000000,0.00000000,0.00000000,0.00015499,0.00000000,0.00000000,0.00000000,0.00000008,0.00000000,0.00000004,0.00000000,0.00000000,0.00000000,0.00000000,0.00000000,0.00000000,0.00000000,0.00000000,0.00000000,0.00000000,0.00000000,0.00000000,0.00000000,0.00000993,0.00000000,0.00000012,0.00000001,0.00386006,0.00002238,0.00007716,0.00000029,0.03326628,0.00317590,0.00096011,0.00164601,0.19171219,0.00000015,0.00000428,0.00000009,0.00008604,0.00000001,0.00000199,0.00000000,0.00003713,0.00000000,0.00000000,0.00000000,0.00000002,0.00000000,0.00000001,0.00000000,0.00000000,0.00000017,0.00000040,0.00000000,0.00000000,0.00000000,0.00000000,0.00000000,0.00000000,0.00000000,0.00000000,0.00000000,0.00000000,0.00000000,0.00000000,0.00000000,0.00000000,0.00000000,0.00000000,0.00000000,0.00000000,0.00000000,0.00000000,0.00000004,0.00000000,0.00000000,0.00000000,0.00000000,0.00000000,0.00000000,0.00000000,0.00000000,0.00000000,0.00000000,0.00000000,0.00000000,0.00000000,0.00000000,0.00000000,0.00000000,0.00000000,0.00000000,0.00018023,0.00000000,0.00000000,0.00000000,0.00097893,0.00000000,0.00000005,0.00000000,0.00000000,0.00000000,0.00000000,0.00000000,0.00000000,0.00000000,0.00000000,0.00000000,0.00000000,0.00000000,0.00000000,0.00000000,0.00000000,0.00000000,0.00000000,0.00000000,0.00000000,0.00000000,0.00000000,0.00000000,0.00000000,0.00000000,0.00000000,0.00000000,0.00000000,0.00000000,0.00000000,0.00000000,0.00000000,0.00000000,0.00000000,0.00000000,0.00000000,0.00000000,0.00000000,0.00000000,0.00000000,0.00000000,0.00000000,0.00000000,0.00000000,0.00000000,0.00000000,0.00000000,0.00000000,0.00000000,0.00000000,0.00000000,0.00000002,0.00000000,0.00000000,0.00000000,0.00000000,0.00000000,0.00000000,0.00000000,0.00000000,0.00000000,0.00000000,0.00000000,0.00000000,0.00000000,0.00000000,0.00000000,0.00000000,0.00000000,0.00000000,0.00000000,0.00000000,0.00000000,0.00000000,0.00000000,0.00000000,0.00000000,0.00000000,0.00000000,0.00000000,0.00000000,0.00000000,0.00000000,0.00000000,0.00000000,0.00000000,0.00000000,0.00000000,0.00000000,0.00000000,0.00000000,0.00000000,0.00000000,0.00000000,0.00000000,0.00000000,0.00000000,0.00000000,0.00000000,0.00000000,0.00000000,0.00000000,0.00000000,0.00000000,0.00000000,0.00001896,0.00000000,0.00000000,0.00000000,0.00000003,0.00000000,0.00000043,0.00000000,0.00000000,0.00000000,0.00000000,0.00000000,0.00000000,0.00000000,0.00000000,0.00000000,0.00000000,0.00000000,0.00000000,0.00009582,0.00000000,0.00000000,0.00000000,0.00000000,0.00000000,0.00000000,0.00000000,0.00000000,0.00000001,0.00000000,0.00000001,0.00000000,0.00000000,0.00000000,0.00000000,0.00000001,0.00000001,0.00000000,0.00000000,0.00000000,0.00001090,0.00000000,0.00000000,0.00000000,0.00000001,0.00000000,0.00000000,0.00000000,0.21018614,0.00000000,0.00000001,0.00000000,0.00000023,0.00000000,0.00000000,0.00000002,0.00009219,0.00000000,0.00000004,0.00000000,0.00002210,0.00000000,0.00000001,0.00000000,0.00000000,0.00000010,0.00008291,0.00000001,0.00000000,0.00000000,0.00000001,0.00000000,0.00000000,0.00000459,0.00004974,0.09878122,0.00269052,0.00000075,0.00001729,0.00008822,0.01021805,0.00000293,0.00000000,0.00000023,0.00000127,0.00000013,0.00000372,0.00101424,0.00000000,0.00019183,0.00000006,0.00000003,0.00000108,0.00607455,0.15239108,0.00000078,0.00000237,0.00000002,0.00000001,0.00003163,0.00140815,0.00000670,0.00109201,0.00000226,0.00000030,0.00000068,0.00000113,0.00068493,0.00258495,0.00000040,0.00000136,0.00000000,0.00034747,0.00000000,0.00000020,0.00000004,0.27561805,0.00000000
q6,0.00000000,0.00000000,0.00000000,0.00000000,0.00000000,0.00000000,0.00000019,0.00000000,0.00000000,0.00000000,0.00000000,0.00000000,0.00023561,0.00000000,0.00000000,0.00002103,0.00054766,0.00000000,0.00000696,0.00000002,0.00020394,0.00000000,0.00000000,0.00000000,0.00000000,0.00000000,0.00000000,0.00000000,0.00000000,0.00000000,0.00000000,0.00000000,0.00000000,0.00000000,0.00000000,0.00000000,0.00000000,0.00000000,0.00000000,0.00000000,0.00000000,0.00000000,0.00000000,0.00000000,0.00000000,0.00000000,0.00000000,0.00000000,0.00000000,0.00000000,0.00000002,0.00000004,0.00000000,0.00000000,0.00000000,0.00057313,0.00000000,0.00000000,0.00000000,0.00000000,0.00015280,0.00147093,0.00000038,0.00000003,0.00000000,0.01880538,0.00000052,0.00000007,0.00000001,0.00000000,0.00000000,0.00000000,0.00000000,0.00000000,0.00000000,0.00026922,0.00000000,0.00000000,0.00000000,0.00000000,0.00000098,0.00000000,0.00021796,0.00000000,0.00000000,0.00195919,0.00000044,0.00000000,0.00000000,0.00000003,0.00000072,0.00000000,0.00000000,0.00000000,0.00000000,0.00000000,0.00000000,0.00000000,0.00000000,0.00000000,0.00000271,0.00000008,0.00010281,0.00000000,0.00000000,0.00075227,0.00000193,0.00000000,0.00000000,0.00000000,0.00005305,0.00000086,0.00020245,0.00000001,0.00012502,0.00450299,0.00244260,0.00000552,0.00017707,0.00000002,0.01709317,0.00014413,0.00690192,0.00000000,0.00000086,0.00233750,0.00000021,0.00000000,0.00000000,0.00102233,0.00230184,0.00000000,0.00000000,0.00000005,0.00000000,0.00082219,0.00003499,0.00000000,0.00021986,0.00000000,0.00004763,0.00098264,0.00987766,0.00000000,0.00000027,0.01285470,0.00000000,0.00000021,0.00000000,0.00000000,0.00143751,0.00196876,0.00025787,0.00000008,0.00000000,0.00974938,0.00041549,0.00000010,0.00000001,0.00000001,0.71793127,0.00000000,0.00001532,0.00000135,0.00000000,0.00646037,0.00000302,0.00000000,0.00000000,0.00000928,0.16186038,0.00000000,0.00000000,0.00071560,0.00090953,0.00000215,0.00000000,0.00000000,0.00000000,0.00000001,0.00641574,0.00000000,0.00000000,0.00192402,0.00000000,0.00001083,0.00000003,0.00000000,0.00000000,0.00000000,0.00074929,0.00000000,0.00000000,0.00000000,0.00000000,0.00000000,0.00000000,0.00000000,0.00000000,0.00054329,0.00026070,0.00085882,0.00000000,0.00000000,0.00000000,0.00000000,0.00000000,0.00000000,0.00000000,0.00000000,0.00000000,0.00000000,0.00000000,0.00000000,0.00000000,0.00000000,0.00000000,0.00000000,0.00000000,0.00001907,0.00000052,0.00000023,0.00000000,0.00000000,0.00000000,0.00000000,0.00000000,0.00000000,0.00000000,0.00000000,0.00000000,0.00000000,0.00000000,0.00000000,0.00000000,0.00000000,0.00000000,0.00000000,0.00000000,0.00000000,0.00000000,0.00000000,0.00000000,0.00000000,0.00000000,0.00000000,0.00000000,0.00000000,0.00000000,0.00000000,0.00000000,0.00000000,0.00000000,0.00000000,0.00000000,0.00000000,0.00000000,0.00000000,0.00000000,0.00000000,0.00000000,0.00000000,0.00000000,0.00000000,0.00000000,0.00000000,0.00000000,0.00000000,0.00000000,0.00000000,0.00000000,0.00000000,0.00000000,0.00000000,0.00000000,0.00000112,0.00000000,0.00000000,0.00000000,0.00000000,0.00000000,0.00000000,0.00000000,0.00000000,0.00000000,0.00000000,0.00000000,0.00000000,0.00000000,0.00000000,0.00000000,0.00000000,0.00000000,0.00000000,0.00000000,0.00000000,0.00000000,0.00000000,0.00000000,0.00000000,0.00000000,0.00000000,0.00000000,0.00000000,0.00000000,0.00000000,0.00000000,0.00000000,0.00000000,0.00000000,0.00000000,0.00000000,0.00000000,0.00000000,0.00000000,0.00000000,0.00000000,0.00000000,0.00000000,0.00000000,0.00000000
q7,0.00000083,0.00013959,0.00015435,0.00778695,0.00026263,0.00005236,0.00003107,0.05814894,0.00404970,0.01109950,0.00209103,0.00088257,0.00002438,0.00001207,0.00039664,0.00000122,0.00000656,0.00000109,0.00000008,0.00003742,0.00005643,0.00014875,0.00001744,0.00007364,0.00008458,0.00000256,0.00000830,0.01016555,0.07367244,0.01169070,0.00025364,0.00108495,0.00005758,0.00020241,0.00053046,0.00161752,0.00002083,0.00400312,0.00694800,0.09302607,0.04730986,0.03830812,0.02083525,0.00195938,0.00001177,0.00031462,0.00000884,0.00265747,0.00018483,0.09989244,0.00034255,0.00002195,0.00048303,0.00079138,0.00000230,0.00000687,0.00023485,0.00095680,0.00111356,0.00098899,0.00001481,0.00000486,0.00000040,0.00000203,0.00001584,0.00000144,0.00000016,0.00018539,0.00171021,0.00428654,0.01306689,0.04119107,0.00634695,0.03663745,0.13214524,0.00001083,0.00014155,0.03510597,0.01982396,0.00721301,0.00038950,0.01278569,0.00004920,0.00024045,0.00005360,0.00000788,0.00045894,0.00049549,0.00230451,0.00069223,0.00003981,0.01179838,0.00016155,0.00003584,0.00000042,0.00000027,0.00000029,0.00580446,0.01550747,0.00030623,0.00008472,0.00048128,0.00006682,0.00045777,0.00000039,0.00000667,0.00030143,0.01851979,0.02199744,0.00240343,0.00000526,0.00071430,0.00003988,0.00173551,0.00006229,0.00000387,0.00002391,0.00006869,0.00010925,0.00076177,0.00000036,0.00002790,0.00000022,0.00011370,0.00000015,0.00000047,0.00000003,0.00013096,0.00001773,0.00000041,0.00000342,0.00001232,0.00000069,0.00000096,0.00040472,0.00006970,0.00000105,0.00016614,0.00001870,0.00003277,0.00010700,0.00009125,0.00000059,0.00000111,0.00000019,0.00000172,0.00000052,0.00000061,0.00000238,0.00000387,0.00000195,0.00000365,0.00000065,0.00011330,0.00000011,0.00000009,0.00000001,0.00000002,0.00000003,0.00000020,0.00000018,0.00001158,0.00000056,0.00000008,0.00069638,0.00000001,0.00000001,0.00000009,0.00000027,0.00000001,0.00000006,0.00000051,0.00000059,0.00000003,0.00000003,0.00000001,0.00000001,0.00000051,0.00000055,0.00000002,0.00000040,0.00000004,0.00000003,0.00000012,0.00000003,0.00000001,0.00000001,0.00000028,0.00000005,0.00000006,0.00000002,0.00000006,0.00006023,0.00000022,0.00000007,0.00000001,0.00000013,0.00000001,0.00000003,0.00000021,0.00000064,0.00000007,0.00000047,0.00006433,0.00000086,0.00000006,0.00000007,0.00000051,0.00000008,0.00000058,0.00000003,0.00000062,0.00000414,0.00000007,0.00000070,0.00000002,0.00000002,0.00000013,0.00000003,0.00000001,0.00000009,0.00000088,0.00001170,0.00000007,0.00000046,0.00000002,0.00000001,0.00000118,0.00000003,0.00000003,0.00000003,0.00000015,0.00000023,0.00000094,0.00000004,0.00000012,0.00000002,0.00000015,0.00000188,0.00000016,0.00000004,0.00000156,0.00000059,0.00002374,0.00000012,0.00000037,0.00000005,0.00000234,0.00000014,0.00000005,0.00000002,0.00044098,0.00000019,0.00000026,0.00000003,0.00006467,0.00000195,0.00000430,0.00000168,0.00002369,0.00000068,0.00001659,0.00000333,0.00000587,0.00000039,0.00000139,0.00000012,0.00000055,0.00000390,0.00009383,0.00002722,0.00001604,0.00000231,0.00001742,0.00000372,0.00000094,0.00027626,0.00000838,0.00084127,0.00007924,0.00006472,0.00038503,0.00025856,0.00085486,0.00161822,0.00000044,0.00007135,0.00000414,0.00000147,0.00013812,0.00024218,0.00003647,0.00254236,0.00000611,0.00000254,0.00000054,0.00156019,0.00261738,0.00355907,0.00001404,0.00002472,0.00294703,0.00013012,0.00008523,0.00002906,0.00270812,0.00000202,0.00002654,0.00003289,0.00002202,0.00917101,0.00293192,0.00017003,0.00135276,0.00000027,0.00003655,0.00000977,0.05831940,0.00005093,0.00049003,0.00116873
q8,0.00018341,0.00000315,0.00000002,0.00000000,0.00000001,0.00000000,0.00000732,0.00000000,0.00000098,0.00000000,0.00000142,0.00000058,0.04010731,0.00000243,0.00052285,0.00000467,0.01731274,0.00000012,0.00077423,0.00000970,0.00731698,0.00000029,0.00000001,0.00000000,0.00000000,0.00000000,0.00000000,0.00000000,0.00000000,0.00000000,0.00000000,0.00000000,0.00000000,0.00000000,0.00000000,0.00000000,0.00000000,0.00000000,0.00000000,0.00000000,0.00000000,0.00000000,0.00000000,0.00000000,0.00000000,0.00000002,0.00000000,0.00000000,0.00000122,0.00000000,0.00000565,0.00000077,0.00000000,0.00000000,0.00000000,0.00339615,0.00000015,0.00000000,0.00000273,0.00000023,0.00012048,0.00043585,0.00098621,0.00154649,0.00000001,0.10274803,0.00040635,0.00107737,0.00868164,0.00000573,0.00000475,0.00000013,0.00000111,0.00000016,0.00000000,0.00040485,0.00001475,0.00000001,0.00000045,0.00001633,0.00099375,0.00000271,0.00193180,0.00000345,0.00002433,0.00082211,0.00140112,0.00031663,0.00002020,0.00000374,0.00000064,0.00000000,0.00000000,0.00000000,0.00000000,0.00000000,0.00000056,0.00000000,0.00000000,0.00000000,0.00001228,0.00000346,0.00032820,0.00000004,0.00000042,0.00029845,0.00045517,0.00000072,0.00000010,0.00000000,0.00000866,0.00534796,0.00055434,0.00077995,0.00934684,0.00028342,0.51931852,0.00365270,0.16937625,0.00000144,0.00008720,0.00182771,0.00000321,0.00000271,0.00023786,0.00002858,0.00003428,0.00000001,0.00744629,0.00115938,0.00024561,0.00000029,0.00001737,0.00032076,0.00000732,0.00208201,0.00827435,0.00000000,0.03764442,0.00000000,0.00740113,0.00430249,0.01241075,0.00000001,0.00023252,0.00728587,0.00000001,0.00233523,0.00010943,0.00000000,0.00002730,0.00005690,0.00000232,0.00000036,0.00000002,0.00057853,0.00005376,0.00000227,0.00000179,0.00000002,0.00263322,0.00000000,0.00047693,0.00001190,0.00000013,0.00030187,0.00000332,0.00000001,0.00000025,0.00000156,0.00036842,0.00000121,0.00000000,0.00005594,0.00018021,0.00000019,0.00000005,0.00000000,0.00000000,0.00000087,0.00023468,0.00000226,0.00000000,0.00002257,0.00000007,0.00000466,0.00000114,0.00000000,0.00000097,0.00000001,0.00002988,0.00000000,0.00000055,0.00000001,0.00000000,0.00000000,0.00000000,0.00000000,0.00000063,0.00001376,0.00000890,0.00001624,0.00000000,0.00000000,0.00000000,0.00000000,0.00000000,0.00000000,0.00000021,0.00000000,0.00000001,0.00000000,0.00000000,0.00000000,0.00000000,0.00000001,0.00000000,0.00000000,0.00000149,0.00000741,0.00000006,0.00000204,0.00000000,0.00000000,0.00000000,0.00000000,0.00000002,0.00000000,0.00000000,0.00000000,0.00000000,0.00000000,0.00000000,0.00000000,0.00000000,0.00000000,0.00000002,0.00000000,0.00000000,0.00000000,0.00000000,0.00000000,0.00000000,0.00000000,0.00000000,0.00000000,0.00000000,0.00000000,0.00000000,0.00000000,0.00000000,0.00000000,0.00000000,0.00000000,0.00000000,0.00000000,0.00000000,0.00000000,0.00000000,0.00000000,0.00000000,0.00000000,0.00000000,0.00000000,0.00000000,0.00000000,0.00000000,0.00000000,0.00000000,0.00000000,0.00000000,0.00000000,0.00000000,0.00000000,0.00000000,0.00000038,0.00000000,0.00000000,0.00000000,0.00000000,0.00000000,0.00000000,0.00000000,0.00000000,0.00000000,0.00000000,0.00000000,0.00000000,0.00000000,0.00000000,0.00000000,0.00000000,0.00000000,0.00000000,0.00000000,0.00000000,0.00000000,0.00000000,0.00000000,0.00000000,0.00000000,0.00000000,0.00000000,0.00000000,0.00000000,0.00000000,0.00000000,0.00000000,0.00000000,0.00000000,0.00000000,0.00000000,0.00000000,0.00000000,0.00000000,0.00000000,0.00000000,0.00000000,0.00000000,0.00000000,0.00000009
q9,0.00000000,0.00000000,0.00000000,0.00000000,0.00000000,0.00000000,0.00000000,0.00000000,0.00000000,0.00000000,0.00000000,0.00000000,0.00000000,0.00000000,0.00000000,0.00000000,0.00000000,0.00000000,0.00000000,0.00000000,0.00000000,0.00000000,0.00000000,0.00453018,0.00025437,0.00000000,0.00000526,0.00000002,0.00000000,0.00000000,0.00000000,0.00000005,0.00001537,0.00213141,0.00037194,0.00000522,0.00358225,0.00000419,0.00000014,0.00000000,0.00000000,0.00000000,0.00000000,0.00025693,0.00002464,0.00000000,0.00000000,0.00000067,0.00000000,0.00000000,0.00000000,0.00000000,0.00013487,0.00000090,0.00000005,0.00000000,0.00000000,0.00000000,0.00000000,0.00000000,0.00000000,0.00000000,0.00000000,0.00000000,0.00000000,0.00000000,0.00000000,0.00000000,0.00000000,0.00000000,0.00000000,0.00000000,0.00000000,0.00000000,0.00000000,0.00000000,0.00000000,0.00000000,0.00000000,0.00000000,0.00000000,0.00000000,0.00000000,0.00000000,0.00000000,0.00000000,0.00000000,0.00000000,0.00000000,0.00000000,0.00000000,0.00000000,0.00000000,0.00000001,0.00000000,0.00000000,0.00000000,0.00000000,0.00000000,0.00000000,0.00000000,0.00000000,0.00000000,0.00000000,0.00000000,0.00000000,0.00000000,0.00000000,0.00000000,0.00000000,0.00000000,0.00000000,0.00000000,0.00000000,0.00000000,0.00000000,0.00000000,0.00000000,0.00000000,0.00000000,0.00000000,0.00000000,0.00000000,0.00000000,0.00000000,0.00000000,0.00000000,0.00000000,0.00000000,0.00000000,0.00000000,0.00000000,0.00000000,0.00000000,0.00000000,0.00000000,0.00000000,0.00004080,0.00000000,0.00000000,0.00000000,0.00000000,0.00000000,0.00000000,0.00000000,0.00000000,0.00000010,0.00000000,0.00000000,0.00000000,0.00000000,0.00000000,0.00000000,0.00000000,0.00000000,0.00000000,0.00000000,0.00000000,0.00000000,0.00000000,0.00000000,0.00000001,0.00000000,0.00000000,0.00000000,0.00000000,0.00000000,0.00000000,0.00000000,0.00000000,0.00000000,0.00000000,0.00000000,0.00000000,0.00000000,0.00000000,0.00000000,0.00008457,0.00000003,0.00000000,0.00000000,0.00000000,0.00000200,0.00000000,0.00000000,0.00000000,0.00000000,0.00000116,0.00000000,0.00000000,0.00000000,0.00000000,0.00000000,0.00000000,0.00000001,0.00000000,0.00000001,0.00000000,0.00000000,0.00000000,0.00000000,0.00000000,0.00000000,0.00000000,0.00000109,0.00000027,0.00000000,0.00029758,0.00000000,0.00001154,0.00000000,0.00000000,0.00121563,0.00000000,0.00000013,0.00000000,0.00000000,0.00000036,0.00000000,0.00000000,0.00000000,0.00000000,0.49321270,0.00000681,0.00039563,0.00000000,0.00000000,0.00091234,0.00000025,0.00000004,0.00000000,0.00003609,0.00000923,0.00716251,0.00000044,0.00019181,0.00000000,0.00000000,0.01830572,0.00047157,0.00000016,0.00814185,0.00007635,0.13120589,0.00007974,0.00000018,0.00000092,0.00694886,0.00000783,0.00000024,0.00000000,0.00001037,0.00019302,0.00022168,0.00000000,0.00228975,0.00072703,0.00058980,0.01355022,0.12088554,0.00001080,0.00449066,0.00006321,0.00117640,0.00038415,0.00631943,0.00000324,0.00016732,0.00589441,0.00687065,0.00525105,0.00212644,0.00030749,0.00907138,0.00278425,0.00000000,0.00263134,0.00338278,0.00003582,0.00610844,0.00097936,0.00073006,0.02608914,0.00805185,0.00000006,0.00079390,0.00014901,0.00031964,0.00379747,0.02298638,0.00067503,0.00009250,0.00000000,0.01155578,0.00463362,0.00000007,0.00395484,0.00000200,0.00657945,0.00000000,0.00000000,0.00000000,0.01320191,0.00078244,0.00075445,0.00000000,0.00022310,0.00115757,0.00338972,0.00000013,0.00000000,0.00000000,0.00209122,0.00000000,0.00001241,0.01128667,0.00000000,0.00000000,0.00000000,0.00002279,0.00000000
q10,0.00000000,0.00000000,0.00000000,0.00000000,0.00000000,0.00000000,0.00000000,0.00000000,0.00000000,0.00000000,0.00000000,0.00000000,0.00000000,0.00000000,0.00000000,0.00000000,0.00000000,0.00000000,0.00000000,0.00000000,0.00000000,0.00000000,0.00000000,0.00027548,0.00000042,0.00000000,0.00000000,0.00004664,0.00000013,0.00000000,0.00000000,0.00003677,0.00004336,0.00888322,0.00558039,0.00685529,0.00000907,0.00006146,0.00000144,0.00000034,0.00000000,0.00000067,0.00000000,0.00283744,0.00000000,0.00000000,0.00000000,0.00000072,0.00000000,0.00000000,0.00000000,0.00000000,0.00001533,0.00000061,0.00000000,0.00000000,0.00000000,0.00000000,0.00000000,0.00000000,0.00000000,0.00000000,0.00000000,0.00000000,0.00000000,0.00000000,0.00000000,0.00000000,0.00000000,0.00000000,0.00000000,0.00000000,0.00000000,0.00000000,0.00000000,0.00000000,0.00000000,0.00000000,0.00000000,0.00000000,0.00000000,0.00000000,0.00000000,0.00000000,0.00000000,0.00000000,0.00000000,0.00000000,0.00000000,0.00000000,0.00000000,0.00000000,0.00000000,0.00000001,0.00000000,0.00000000,0.00000000,0.00000000,0.00000000,0.00000000,0.00000000,0.00000000,0.00000000,0.00000000,0.00000000,0.00000000,0.00000000,0.00000000,0.00000000,0.00000000,0.00000000,0.00000000,0.00000000,0.00000000,0.00000000,0.00000000,0.00000000,0.00000000,0.00000000,0.00000000,0.00000000,0.00000000,0.00000000,0.00000000,0.00000000,0.00000000,0.00000000,0.00000000,0.00000000,0.00000000,0.00000000,0.00000000,0.00000000,0.00000000,0.00000000,0.00000000,0.00000000,0.00000051,0.00000000,0.00000000,0.00000000,0.00000000,0.00000000,0.00000000,0.00000000,0.00000000,0.00000000,0.00000000,0.00000000,0.00000000,0.00000000,0.00000000,0.00000000,0.00000000,0.00000000,0.00000000,0.00000000,0.00000000,0.00000000,0.00000000,0.00000000,0.00000000,0.00000000,0.00000000,0.00000000,0.00000000,0.00000000,0.00000000,0.00000000,0.00000000,0.00000000,0.00000000,0.00000000,0.00000000,0.00000000,0.00000000,0.00000000,0.00000000,0.00000000,0.00000000,0.00000000,0.00000000,0.00000000,0.00000000,0.00000000,0.00000000,0.00000000,0.00000000,0.00000000,0.00000000,0.00000000,0.00000000,0.00000000,0.00000000,0.00000000,0.00000000,0.00000000,0.00000000,0.00000000,0.00000000,0.00000000,0.00000000,0.00000000,0.00000000,0.00000000,0.00000000,0.00000000,0.00000001,0.00000000,0.00000000,0.00000000,0.00000000,0.00000004,0.00000000,0.00000000,0.00000000,0.00000000,0.00000000,0.00000000,0.00000000,0.00000000,0.00000000,0.00773123,0.00000000,0.00000000,0.00000000,0.00000000,0.00000000,0.00000000,0.00000000,0.00000000,0.00000000,0.00000000,0.00000013,0.00000000,0.00000000,0.00000000,0.00000000,0.00000085,0.00000000,0.00000000,0.00000016,0.00000000,0.00231222,0.00000000,0.00000000,0.00000000,0.00000040,0.00000000,0.00000000,0.00000000,0.00239322,0.00000000,0.00000000,0.00000000,0.00002175,0.00000001,0.00000002,0.00000050,0.00579524,0.00000000,0.00000522,0.00000000,0.00000864,0.00000000,0.00000017,0.00000000,0.00000000,0.00000153,0.00261603,0.00000551,0.00000086,0.00000000,0.00000508,0.00000009,0.00000000,0.00090972,0.00006378,0.01028818,0.00965253,0.00002850,0.00086872,0.02487816,0.48139796,0.00000058,0.00000001,0.00000454,0.00000059,0.00000042,0.00219073,0.00338558,0.00000004,0.00000000,0.00000453,0.00000049,0.00000000,0.40138939,0.00547748,0.00034105,0.00000000,0.00000000,0.00000000,0.00444134,0.00133121,0.00003279,0.00000000,0.00000028,0.00000666,0.00003844,0.00000001,0.00000000,0.00000000,0.00013755,0.00000000,0.00000000,0.00240424,0.00000000,0.00000000,0.00000000,0.00517635,0.00000000
q11,0.00000000,0.00000619,0.00050981,0.00000120,0.00000000,0.00002174,0.00003123,0.00005948,0.01012106,0.00762971,0.13800269,0.01117530,0.00000290,0.00000005,0.00000072,0.00000473,0.00000010,0.00000000,0.00000000,0.00000448,0.00005753,0.00000000,0.00000000,0.00000000,0.00000000,0.00000000,0.00000000,0.00000000,0.00000003,0.00001023,0.00092631,0.00000000,0.00000000,0.00000000,0.00000000,0.00000000,0.00000000,0.00000000,0.00000000,0.00000007,0.00087512,0.00000000,0.00000000,0.00000000,0.00000000,0.00172303,0.00000000,0.00000000,0.00000000,0.00048928,0.01091962,0.00021019,0.00000000,0.00000000,0.00000000,0.00000285,0.00000000,0.05701490,0.01743521,0.14654872,0.00106571,0.00022120,0.00000000,0.00000000,0.00000000,0.00000003,0.00000000,0.00000568,0.00001797,0.01486846,0.00787609,0.00007958,0.00000002,0.00000860,0.00000102,0.00010634,0.00000233,0.00000196,0.00000525,0.01823311,0.00078726,0.04347289,0.00044547,0.00000775,0.00000000,0.00024530,0.00029323,0.00000254,0.00053984,0.04672719,0.00970287,0.02014717,0.00000340,0.00000000,0.00000000,0.00000001,0.00000000,0.00000322,0.03721101,0.00320689,0.00869569,0.07503277,0.00301410,0.00483233,0.00000000,0.00078246,0.00429505,0.02696433,0.00045138,0.00000000,0.00020993,0.00024143,0.00110448,0.00370364,0.00002033,0.00030146,0.00000012,0.00000528,0.00000381,0.18555884,0.00000768,0.00005431,0.00004635,0.00001676,0.00000000,0.00000882,0.00000000,0.00003809,0.00000000,0.00000001,0.00035612,0.00000015,0.00000000,0.00000000,0.00000000,0.00390512,0.00000000,0.00000000,0.00000023,0.00000000,0.00003625,0.00560280,0.00000000,0.00000000,0.00000000,0.00000055,0.00000000,0.00000000,0.00000000,0.00000031,0.00011938,0.00052809,0.00002279,0.03865778,0.00000000,0.00000000,0.00000000,0.00000000,0.00000000,0.00000000,0.00000045,0.00000000,0.00000000,0.00000000,0.00000001,0.00000000,0.00000000,0.00000000,0.00000000,0.00000000,0.00000004,0.00000000,0.00000000,0.00000000,0.00000000,0.00000000,0.00000000,0.00000000,0.00000000,0.00000000,0.00000027,0.00000000,0.00000000,0.00000005,0.00000000,0.00000000,0.00000000,0.00000000,0.00000000,0.00000000,0.00000000,0.00000000,0.00000000,0.00000000,0.00000000,0.00000000,0.00000000,0.00000000,0.00000000,0.00000014,0.00000518,0.00000001,0.00000001,0.00000174,0.00000000,0.00000000,0.00000000,0.00000000,0.00000000,0.00000000,0.00000000,0.00000000,0.00000000,0.00000000,0.00000000,0.00000000,0.00000000,0.00000000,0.00000000,0.00000000,0.00000000,0.00000000,0.00000000,0.00000000,0.00000000,0.00000000,0.00000000,0.00000000,0.00000000,0.00000000,0.00000000,0.00000000,0.00000000,0.00000000,0.00000000,0.00000000,0.00000000,0.00000000,0.00000000,0.00000000,0.00000000,0.00000000,0.00000000,0.00000000,0.00000000,0.00000000,0.00000000,0.00000000,0.00000000,0.00000000,0.00000000,0.00000000,0.00000000,0.00000000,0.00000000,0.00000000,0.00000000,0.00000000,0.00000000,0.00000000,0.00000000,0.00000000,0.00000000,0.00000000,0.00000000,0.00000000,0.00000000,0.00000000,0.00000000,0.00000000,0.00000000,0.00000000,0.00000000,0.00000000,0.00000000,0.00000070,0.00000000,0.00000000,0.00000000,0.00000000,0.00000000,0.00000000,0.00000000,0.00000000,0.00000000,0.00000000,0.00000000,0.00000000,0.00000000,0.00000000,0.00000000,0.00000000,0.00000608,0.00000000,0.00000000,0.00000000,0.00000000,0.00000000,0.00000000,0.00001154,0.00016329,0.00035304,0.00000000,0.00000000,0.00000000,0.00000115,0.00000000,0.00000000,0.00000000,0.00000000,0.00001316,0.00002462,0.00000000,0.00037262,0.00000000,0.00000000,0.00000000,0.00005946,0.00000010,0.00000000,0.02529339
q12,0.00000000,0.00000053,0.00012588,0.00004128,0.00000000,0.00145536,0.00000116,0.00000079,0.00000380,0.00043972,0.00050037,0.00075667,0.00000000,0.00000005,0.00000000,0.00009209,0.00000000,0.00000000,0.00000000,0.00000079,0.00000004,0.00000000,0.00000000,0.00000000,0.00000000,0.02042068,0.00000000,0.00000025,0.00000001,0.00030865,0.09979533,0.00003456,0.00000090,0.00000000,0.00000001,0.00000224,0.00000000,0.00000000,0.00000000,0.00000005,0.00000332,0.00000000,0.00000000,0.00000000,0.00000000,0.00072740,0.00000000,0.00000000,0.00000000,0.00000039,0.00046114,0.00091437,0.00000000,0.00000000,0.00000000,0.00000008,0.00000000,0.00672141,0.00003982,0.00056786,0.00012681,0.00006394,0.00000000,0.00000000,0.00000000,0.00000000,0.00000000,0.00000000,0.00000000,0.00000126,0.00000025,0.00000000,0.00000000,0.00000000,0.00000000,0.00000974,0.00000002,0.00000000,0.00000000,0.00000041,0.00000012,0.00023263,0.00000138,0.00000010,0.00000000,0.00002292,0.00000004,0.00000000,0.00000004,0.00006320,0.00274802,0.00003165,0.00005685,0.00003109,0.00000000,0.00072131,0.00000000,0.00037062,0.00087116,0.18094081,0.00018951,0.00018840,0.00000676,0.00313487,0.00000000,0.00111138,0.00000436,0.00000961,0.00000010,0.00000000,0.00036706,0.00000012,0.00000621,0.00000097,0.00000000,0.00106491,0.00000000,0.00000006,0.00000000,0.00151546,0.00099847,0.00000020,0.01023902,0.00000202,0.00000000,0.00216000,0.00000000,0.00093411,0.00000000,0.00000015,0.00048378,0.00000084,0.00000000,0.00000000,0.00000000,0.00000254,0.00000000,0.00000000,0.00000000,0.00000000,0.00000001,0.00000194,0.00000000,0.00000000,0.00000000,0.00000003,0.00000000,0.00000000,0.00000000,0.01481106,0.00041240,0.00054263,0.00100809,0.00497415,0.00000001,0.00000002,0.00000000,0.00000000,0.00000000,0.00000287,0.00000134,0.00000000,0.00000000,0.00000000,0.00000000,0.00000000,0.00000000,0.00000000,0.00000000,0.00000002,0.00000162,0.00000000,0.00000000,0.00000002,0.00000000,0.00000012,0.00000000,0.00000000,0.00000000,0.00000000,0.00000103,0.00000000,0.00000000,0.00000407,0.00000000,0.00000000,0.00000000,0.00000000,0.00000000,0.00000000,0.00000006,0.00000000,0.00000000,0.00000000,0.00000000,0.00000000,0.00000000,0.00000001,0.00000000,0.00001797,0.00030655,0.00000205,0.00042241,0.05536555,0.00000000,0.00000002,0.00000004,0.00000000,0.00000000,0.00000009,0.00000014,0.00058356,0.00000000,0.00000000,0.00000000,0.00000000,0.00000000,0.00000000,0.00000000,0.00000000,0.00002887,0.00000022,0.00000000,0.00000000,0.00000000,0.00000207,0.00000000,0.00000000,0.00000000,0.00000000,0.00004836,0.00000000,0.00000000,0.00000000,0.00000000,0.00000000,0.00000000,0.00000675,0.00000000,0.00000000,0.00000002,0.00000000,0.00000000,0.00000000,0.00000000,0.00000000,0.00000000,0.00000000,0.00000000,0.00000000,0.00000332,0.00002358,0.00000000,0.00000000,0.00000000,0.00000000,0.00000000,0.00000000,0.00000000,0.00000000,0.00000000,0.00000000,0.00000000,0.00000001,0.00000000,0.00000000,0.00000000,0.00000000,0.00000000,0.00000000,0.00000000,0.00000000,0.00000000,0.00000000,0.00000000,0.00010274,0.00000000,0.00000001,0.00000131,0.00000002,0.00000000,0.00000000,0.00000000,0.00000000,0.00000000,0.00000000,0.00000000,0.00000000,0.00000000,0.00000000,0.00000000,0.00000000,0.00080039,0.00000000,0.00000000,0.00000546,0.00000000,0.00000213,0.00000000,0.35653839,0.20164093,0.00009132,0.00000000,0.00000001,0.00000000,0.00051020,0.00000001,0.00000000,0.00000000,0.00000002,0.00028761,0.01052277,0.00000000,0.00538399,0.00000000,0.00000000,0.00000000,0.00000135,0.00230353,0.00011488,0.00098760
q13,0.00000000,0.00000000,0.00000110,0.02267195,0.00000000,0.00000264,0.00000000,0.00213226,0.00000342,0.01331338,0.00003512,0.00000652,0.00000000,0.00000000,0.00000000,0.00000000,0.00000000,0.00000000,0.00000000,0.00000000,0.00000000,0.00000000,0.00000000,0.00000000,0.00000000,0.00000037,0.00000000,0.00160668,0.00102280,0.06411581,0.00580241,0.00711676,0.00000456,0.00000036,0.00000233,0.00345397,0.00000000,0.00000010,0.00000002,0.00395425,0.00218343,0.00001047,0.00000005,0.00000009,0.00000000,0.00000687,0.00000000,0.00000000,0.00000000,0.00128784,0.00000060,0.00000005,0.00000000,0.00000001,0.00000000,0.00000000,0.00000000,0.00060266,0.00000150,0.00002070,0.00000000,0.00000000,0.00000000,0.00000000,0.00000000,0.00000000,0.00000000,0.00000000,0.00000000,0.00000071,0.00000140,0.00000099,0.00000000,0.00000011,0.00013520,0.00000000,0.00000000,0.00000018,0.00000002,0.00000055,0.00000000,0.00005954,0.00000000,0.00000000,0.00000000,0.00000000,0.00000000,0.00000000,0.00000001,0.00000048,0.00000017,0.00031721,0.00000236,0.00000846,0.00000000,0.00000000,0.00000000,0.08481999,0.00618890,0.00414729,0.00000003,0.00000086,0.00000000,0.00002252,0.00000000,0.00000000,0.00000001,0.00005526,0.00000427,0.00000001,0.00000000,0.00000000,0.00000000,0.00000003,0.00000000,0.00000000,0.00000000,0.00000000,0.00000000,0.00000412,0.00000000,0.00000000,0.00000000,0.00000000,0.00000000,0.00000000,0.00000000,0.00000090,0.00000000,0.00000000,0.00000000,0.00000000,0.00000000,0.00000000,0.00000000,0.00000000,0.00000000,0.00000000,0.00000000,0.00000000,0.00000000,0.00000000,0.00000000,0.00000000,0.00000000,0.00000000,0.00000000,0.00000000,0.00000000,0.00000132,0.00000000,0.00000000,0.00000000,0.00000130,0.00000000,0.00000000,0.00000000,0.00000000,0.00000000,0.00000000,0.00000000,0.00000000,0.00000000,0.00000000,0.00000000,0.00000000,0.00000000,0.00000000,0.00000000,0.00000000,0.00000000,0.00000000,0.00000000,0.00000000,0.00000000,0.00000000,0.00000000,0.00000000,0.00000000,0.00000000,0.00000000,0.00000000,0.00000000,0.00000000,0.00000000,0.00000000,0.00000000,0.00000000,0.00000000,0.00000000,0.00000000,0.00000000,0.00000000,0.00000000,0.00000000,0.00000000,0.00000000,0.00000000,0.00000000,0.00000000,0.00000000,0.00000000,0.00000000,0.00117137,0.00000000,0.00000000,0.00000000,0.00000000,0.00000000,0.00000000,0.00000000,0.00000000,0.00000000,0.00000000,0.00000000,0.00000000,0.00000000,0.00000000,0.00000000,0.00000000,0.00000000,0.00000000,0.00000000,0.00000000,0.00000000,0.00000000,0.00000000,0.00000000,0.00000000,0.00000000,0.00000000,0.00000000,0.00000000,0.00000000,0.00000000,0.00000000,0.00000000,0.00000000,0.00000000,0.00000000,0.00000000,0.00000000,0.00000000,0.00000000,0.00000000,0.00000000,0.00000000,0.00000000,0.00000000,0.00000000,0.00000000,0.00128799,0.00000000,0.00000000,0.00000000,0.00000000,0.00000000,0.00000000,0.00000000,0.00000000,0.00000000,0.00000000,0.00000000,0.00000000,0.00000000,0.00000000,0.00000000,0.00000000,0.00000000,0.00000001,0.00000000,0.00000000,0.00000000,0.00000000,0.00000000,0.00000000,0.00000000,0.00000000,0.00035610,0.00000026,0.00000000,0.00000001,0.00000001,0.00000361,0.00000037,0.00000000,0.00000000,0.00000000,0.00000000,0.00000000,0.00000041,0.00000000,0.02906868,0.00000000,0.00000000,0.00000000,0.00000380,0.00505581,0.00000000,0.00042873,0.00010069,0.00033388,0.00000000,0.00000031,0.00000000,0.04147631,0.00000000,0.00000000,0.00000000,0.00000001,0.25966322,0.42219868,0.00000000,0.00827081,0.00000000,0.00000001,0.00000000,0.00250425,0.00000358,0.00291116,0.00002464
q14,0.00000002,0.00000000,0.00000000,0.00000000,0.00001725,0.00000000,0.00000000,0.00000000,0.00000000,0.00000000,0.00000000,0.00000000,0.00000000,0.00000000,0.00000000,0.00000000,0.00000000,0.00000000,0.00000000,0.00000000,0.00000000,0.00000028,0.00010632,0.00324112,0.13072608,0.00000000,0.00000761,0.00000842,0.00000000,0.00000000,0.00000000,0.00000000,0.00000000,0.00003368,0.00003411,0.00000001,0.00452663,0.00023212,0.00004902,0.00000000,0.00000000,0.00000019,0.00000007,0.00077883,0.00501195,0.00000000,0.00000043,0.00024284,0.00000005,0.00000000,0.00000000,0.00000000,0.06533348,0.00015315,0.00000002,0.00000000,0.00000016,0.00000000,0.00000000,0.00000000,0.00000000,0.00000000,0.00000000,0.00000000,0.00000012,0.00000000,0.00000000,0.00000000,0.00000000,0.00000000,0.00000000,0.00000000,0.00000000,0.00000000,0.00000000,0.00000000,0.00000000,0.00000000,0.00000000,0.00000000,0.00000000,0.00000000,0.00000000,0.00000000,0.00000000,0.00000000,0.00000000,0.00000000,0.00000000,0.00000000,0.00000000,0.00000000,0.00000000,0.00000000,0.00000000,0.00000000,0.00000000,0.00000000,0.00000000,0.00000000,0.00000000,0.00000000,0.00000000,0.00000000,0.00000000,0.00000000,0.00000000,0.00000000,0.00000000,0.00000000,0.00000000,0.00000000,0.00000000,0.00000000,0.00000000,0.00000000,0.00000000,0.00000000,0.00000000,0.00000000,0.00000000,0.00000000,0.00000000,0.00000000,0.00000000,0.00000000,0.00000000,0.00000000,0.00000001,0.00000000,0.00000000,0.00000000,0.00000002,0.00000000,0.00000000,0.00000000,0.00000000,0.00153838,0.00000000,0.00000007,0.00000000,0.00000000,0.00000000,0.00000048,0.00000000,0.00000000,0.00057705,0.00000000,0.00000000,0.00000000,0.00000000,0.00000000,0.00000000,0.00000000,0.00000000,0.00000000,0.00000000,0.00000000,0.00000000,0.00000000,0.00000000,0.00001874,0.00000000,0.00000000,0.00000000,0.00000000,0.00000000,0.00000001,0.00000001,0.00000000,0.00000000,0.00000000,0.00000000,0.00000000,0.00000000,0.00000000,0.00000000,0.00023146,0.00006996,0.00000000,0.00000000,0.00000000,0.00000046,0.00000000,0.00000005,0.00000000,0.00000000,0.00000243,0.00000000,0.00000000,0.00000000,0.00000001,0.00000000,0.00000594,0.00000017,0.00000000,0.00000306,0.00000000,0.00000000,0.00000000,0.00000000,0.00000000,0.00000000,0.00000000,0.00005085,0.00000000,0.00000000,0.00000216,0.00000000,0.00000001,0.00000000,0.00000000,0.00285461,0.00000001,0.00000600,0.00000000,0.00000001,0.00000462,0.00000000,0.00000000,0.00000000,0.00000000,0.00091627,0.00000374,0.00005075,0.00000000,0.00000000,0.00133370,0.00000047,0.00000029,0.00000000,0.00000017,0.00000008,0.00031930,0.00000001,0.00001022,0.00000000,0.00000000,0.00139298,0.00000190,0.00000000,0.00121758,0.00010933,0.00158253,0.00000332,0.00040843,0.00000023,0.00196248,0.00000380,0.00000001,0.00000000,0.00000000,0.00001803,0.00000335,0.00000000,0.00337491,0.00045068,0.00203471,0.00194404,0.00036121,0.00000571,0.00263158,0.00226884,0.00000218,0.00013874,0.00070236,0.00000107,0.00000423,0.00044673,0.00006701,0.01641994,0.00462970,0.00115312,0.01323445,0.00566826,0.00000000,0.00164996,0.00000189,0.00000002,0.00000462,0.00019100,0.00015651,0.00153924,0.00002586,0.00000017,0.00002582,0.00017200,0.00000124,0.00012095,0.00576505,0.00000246,0.00361964,0.00000000,0.00103500,0.00017943,0.00000000,0.00002979,0.00000000,0.70205039,0.00000000,0.00000000,0.00000000,0.00027449,0.00000181,0.00000665,0.00000000,0.00000013,0.00019928,0.00035209,0.00000000,0.00000000,0.00000000,0.00182430,0.00000000,0.00001099,0.00001034,0.00000000,0.00000000,0.00000000,0.00000001,0.00000000
q15,0.00000000,0.00000032,0.00001432,0.00000000,0.00000000,0.00000607,0.00002266,0.00000000,0.00000247,0.00000011,0.00038483,0.00015198,0.00001195,0.00000008,0.00000000,0.00166410,0.00000118,0.00000000,0.00000001,0.00000449,0.00005643,0.00000000,0.00000000,0.00000000,0.00000000,0.00000018,0.00000000,0.00000000,0.00000000,0.00000000,0.00000908,0.00000000,0.00000000,0.00000000,0.00000000,0.00000000,0.00000000,0.00000000,0.00000000,0.00000000,0.00000000,0.00000000,0.00000000,0.00000000,0.00000000,0.00003904,0.00000000,0.00000000,0.00000000,0.00000000,0.00134178,0.00110361,0.00000000,0.00000000,0.00000000,0.00010251,0.00000000,0.00004485,0.00007690,0.00049539,0.01989300,0.02786703,0.00000000,0.00000000,0.00000000,0.00000970,0.00000000,0.00000038,0.00000005,0.00000326,0.00000037,0.00000000,0.00000000,0.00000000,0.00000000,0.00363571,0.00000012,0.00000000,0.00000000,0.00000213,0.00002831,0.00001804,0.00095577,0.00000015,0.00000000,0.01330788,0.00000879,0.00000003,0.00000023,0.00034103,0.01005783,0.00000021,0.00000002,0.00000000,0.00000000,0.00000588,0.00000000,0.00000000,0.00000067,0.00006646,0.00397423,0.00139130,0.00218768,0.00010312,0.00000000,0.10562599,0.00037893,0.00000103,0.00000000,0.00000000,0.00994014,0.00000569,0.00179371,0.00001672,0.00000641,0.10196467,0.00000033,0.00000270,0.00000100,0.00125952,0.05079158,0.00010095,0.34636113,0.00000187,0.00000000,0.04885083,0.00000000,0.00000279,0.00000000,0.00003447,0.09268351,0.00000017,0.00000000,0.00000000,0.00000000,0.00340217,0.00000000,0.00000000,0.00000047,0.00000000,0.00000905,0.00399326,0.00000287,0.00000000,0.00000000,0.00012117,0.00000000,0.00000000,0.00000000,0.00000085,0.03365385,0.06467732,0.01945760,0.00614443,0.00000000,0.00001585,0.00000049,0.00000000,0.00000000,0.00000039,0.00707456,0.00000000,0.00000001,0.00000001,0.00000000,0.00000080,0.00000001,0.00000000,0.00000000,0.00000007,0.00204826,0.00000000,0.00000000,0.00000254,0.00000028,0.00000017,0.00000000,0.00000000,0.00000000,0.00000000,0.00059793,0.00000000,0.00000000,0.00050910,0.00000000,0.00000001,0.00000000,0.00000000,0.00000000,0.00000000,0.00000440,0.00000000,0.00000000,0.00000000,0.00000000,0.00000000,0.00000000,0.00000000,0.00000000,0.00079333,0.00776089,0.00013344,0.00000235,0.00000004,0.00000000,0.00000000,0.00000000,0.00000000,0.00000000,0.00000000,0.00000000,0.00000028,0.00000000,0.00000000,0.00000000,0.00000000,0.00000000,0.00000000,0.00000000,0.00000002,0.00001792,0.00000086,0.00000000,0.00000000,0.00000000,0.00000001,0.00000000,0.00000000,0.00000000,0.00000000,0.00000047,0.00000000,0.00000000,0.00000000,0.00000000,0.00000000,0.00000000,0.00000011,0.00000000,0.00000000,0.00000000,0.00000000,0.00000000,0.00000000,0.00000000,0.00000000,0.00000000,0.00000000,0.00000000,0.00000000,0.00000000,0.00000000,0.00000000,0.00000000,0.00000000,0.00000000,0.00000000,0.00000000,0.00000000,0.00000000,0.00000000,0.00000000,0.00000000,0.00000000,0.00000000,0.00000000,0.00000000,0.00000000,0.00000000,0.00000000,0.00000000,0.00000000,0.00000000,0.00000000,0.00000000,0.00020027,0.00000000,0.00000000,0.00000000,0.00000000,0.00000000,0.00000000,0.00000000,0.00000000,0.00000000,0.00000000,0.00000000,0.00000000,0.00000000,0.00000000,0.00000000,0.00000000,0.00000000,0.00000000,0.00000000,0.00000000,0.00000000,0.00000000,0.00000000,0.00000627,0.00006445,0.00000003,0.00000000,0.00000000,0.00000000,0.00000000,0.00000000,0.00000000,0.00000000,0.00000000,0.00000000,0.00000000,0.00000000,0.00000005,0.00000000,0.00000000,0.00000000,0.00000000,0.00000001,0.00000000,0.00008336
