mode,dataset,accuracy,f1_macro
classification_electricity_laya_ci,EthanolConcentration,0.2738,0.2275
classification_electricity_laya_ci,FaceDetection,0.5360,0.5271
classification_electricity_laya_ci,Handwriting,0.0471,0.0086
classification_electricity_laya_ci,Heartbeat,0.7317,0.4704
classification_electricity_laya_ci,JapaneseVowels,0.3919,0.3554
classification_electricity_laya_ci,PEMS-SF,0.6069,0.5766
classification_electricity_laya_ci,SelfRegulationSCP1,0.7747,0.7671
classification_electricity_laya_ci,SelfRegulationSCP2,0.5556,0.5555
classification_electricity_laya_ci,SpokenArabicDigits,0.2838,0.2455
classification_electricity_laya_ci,UWaveGestureLibrary,0.3375,0.2563
classification_electricity_laya_ci,ECG200,0.7400,0.7013
classification_electricity_laya_ci,ECG5000,0.9118,0.3894
classification_electricity_laya_ci,FordA,0.7652,0.7649
classification_electricity_laya_ci,FordB,0.6136,0.5942
classification_electricity_laya_description_suppression_stats,EthanolConcentration,0.2966,0.2599
classification_electricity_laya_description_suppression_stats,FaceDetection,0.5236,0.5018
classification_electricity_laya_description_suppression_stats,Handwriting,0.1153,0.0788
classification_electricity_laya_description_suppression_stats,Heartbeat,0.7512,0.6340
classification_electricity_laya_description_suppression_stats,JapaneseVowels,0.3892,0.4089
classification_electricity_laya_description_suppression_stats,PEMS-SF,0.3873,0.3781
classification_electricity_laya_description_suppression_stats,SelfRegulationSCP1,0.7304,0.7141
classification_electricity_laya_description_suppression_stats,SelfRegulationSCP2,0.5500,0.5411
classification_electricity_laya_description_suppression_stats,SpokenArabicDigits,0.2769,0.2697
classification_electricity_laya_description_suppression_stats,UWaveGestureLibrary,0.3906,0.3945
classification_electricity_laya_description_suppression_stats,ECG200,0.7000,0.5479
classification_electricity_laya_description_suppression_stats,ECG5000,0.8818,0.3642
classification_electricity_laya_description_suppression_stats,FordA,0.7114,0.7099
classification_electricity_laya_description_suppression_stats,FordB,0.5802,0.5541
classification_electricity_laya_description_suppression_text,EthanolConcentration,0.2966,0.2599
classification_electricity_laya_description_suppression_text,FaceDetection,0.5236,0.5018
classification_electricity_laya_description_suppression_text,Handwriting,0.1153,0.0788
classification_electricity_laya_description_suppression_text,Heartbeat,0.7512,0.6340
classification_electricity_laya_description_suppression_text,JapaneseVowels,0.3892,0.4089
classification_electricity_laya_description_suppression_text,PEMS-SF,0.3873,0.3781
classification_electricity_laya_description_suppression_text,SelfRegulationSCP1,0.7304,0.7141
classification_electricity_laya_description_suppression_text,SelfRegulationSCP2,0.5500,0.5411
classification_electricity_laya_description_suppression_text,SpokenArabicDigits,0.2769,0.2697
classification_electricity_laya_description_suppression_text,UWaveGestureLibrary,0.3906,0.3945
classification_electricity_laya_description_suppression_text,ECG200,0.7000,0.5479
classification_electricity_laya_description_suppression_text,ECG5000,0.8818,0.3642
classification_electricity_laya_description_suppression_text,FordA,0.7114,0.7099
classification_electricity_laya_description_suppression_text,FordB,0.5802,0.5541
classification_electricity_laya_description_suppression_text_stats_avg,EthanolConcentration,0.2966,0.2456
classification_electricity_laya_description_suppression_text_stats_avg,FaceDetection,0.5304,0.5209
classification_electricity_laya_description_suppression_text_stats_avg,Handwriting,0.0800,0.0425
classification_electricity_laya_description_suppression_text_stats_avg,Heartbeat,0.7268,0.5176
classification_electricity_laya_description_suppression_text_stats_avg,JapaneseVowels,0.3703,0.3612
classification_electricity_laya_description_suppression_text_stats_avg,PEMS-SF,0.4451,0.4383
classification_electricity_laya_description_suppression_text_stats_avg,SelfRegulationSCP1,0.7406,0.7263
classification_electricity_laya_description_suppression_text_stats_avg,SelfRegulationSCP2,0.5167,0.4276
classification_electricity_laya_description_suppression_text_stats_avg,SpokenArabicDigits,0.2519,0.2418
classification_electricity_laya_description_suppression_text_stats_avg,UWaveGestureLibrary,0.3531,0.3388
classification_electricity_laya_description_suppression_text_stats_avg,ECG200,0.6600,0.4688
classification_electricity_laya_description_suppression_text_stats_avg,ECG5000,0.8880,0.3643
classification_electricity_laya_description_suppression_text_stats_avg,FordA,0.6917,0.6916
classification_electricity_laya_description_suppression_text_stats_avg,FordB,0.5914,0.5668
classification_electricity_laya_description_suppression_text_stats_joint,EthanolConcentration,0.2966,0.2599
classification_electricity_laya_description_suppression_text_stats_joint,FaceDetection,0.5236,0.5018
classification_electricity_laya_description_suppression_text_stats_joint,Handwriting,0.1153,0.0788
classification_electricity_laya_description_suppression_text_stats_joint,Heartbeat,0.7512,0.6340
classification_electricity_laya_description_suppression_text_stats_joint,JapaneseVowels,0.3892,0.4089
classification_electricity_laya_description_suppression_text_stats_joint,PEMS-SF,0.3873,0.3781
classification_electricity_laya_description_suppression_text_stats_joint,SelfRegulationSCP1,0.7304,0.7141
classification_electricity_laya_description_suppression_text_stats_joint,SelfRegulationSCP2,0.5500,0.5411
classification_electricity_laya_description_suppression_text_stats_joint,SpokenArabicDigits,0.2769,0.2697
classification_electricity_laya_description_suppression_text_stats_joint,UWaveGestureLibrary,0.3906,0.3945
classification_electricity_laya_description_suppression_text_stats_joint,ECG200,0.7000,0.5479
classification_electricity_laya_description_suppression_text_stats_joint,ECG5000,0.8818,0.3642
classification_electricity_laya_description_suppression_text_stats_joint,FordA,0.7114,0.7099
classification_electricity_laya_description_suppression_text_stats_joint,FordB,0.5802,0.5541
classification_electricity_laya_metadata_query_gate_stats,EthanolConcentration,0.2928,0.2603
classification_electricity_laya_metadata_query_gate_stats,FaceDetection,0.5358,0.5355
classification_electricity_laya_metadata_query_gate_stats,Handwriting,0.0365,0.0103
classification_electricity_laya_metadata_query_gate_stats,Heartbeat,0.7415,0.5845
classification_electricity_laya_metadata_query_gate_stats,JapaneseVowels,0.4514,0.4545
classification_electricity_laya_metadata_query_gate_stats,PEMS-SF,0.3757,0.3613
classification_electricity_laya_metadata_query_gate_stats,SelfRegulationSCP1,0.7816,0.7736
classification_electricity_laya_metadata_query_gate_stats,SelfRegulationSCP2,0.5500,0.5460
classification_electricity_laya_metadata_query_gate_stats,SpokenArabicDigits,0.2560,0.2371
classification_electricity_laya_metadata_query_gate_stats,UWaveGestureLibrary,0.4625,0.4552
classification_electricity_laya_metadata_query_gate_stats,ECG200,0.8000,0.7619
classification_electricity_laya_metadata_query_gate_stats,ECG5000,0.8844,0.3624
classification_electricity_laya_metadata_query_gate_stats,FordA,0.7333,0.7333
classification_electricity_laya_metadata_query_gate_stats,FordB,0.5889,0.5545
classification_electricity_laya_metadata_query_gate_text,EthanolConcentration,0.2852,0.2655
classification_electricity_laya_metadata_query_gate_text,FaceDetection,0.5199,0.5199
classification_electricity_laya_metadata_query_gate_text,Handwriting,0.0376,0.0073
classification_electricity_laya_metadata_query_gate_text,Heartbeat,0.7561,0.6117
classification_electricity_laya_metadata_query_gate_text,JapaneseVowels,0.3946,0.4052
classification_electricity_laya_metadata_query_gate_text,PEMS-SF,0.3931,0.3784
classification_electricity_laya_metadata_query_gate_text,SelfRegulationSCP1,0.7679,0.7581
classification_electricity_laya_metadata_query_gate_text,SelfRegulationSCP2,0.5722,0.5591
classification_electricity_laya_metadata_query_gate_text,SpokenArabicDigits,0.2715,0.2325
classification_electricity_laya_metadata_query_gate_text,UWaveGestureLibrary,0.4094,0.4089
classification_electricity_laya_metadata_query_gate_text,ECG200,0.7700,0.7335
classification_electricity_laya_metadata_query_gate_text,ECG5000,0.8927,0.3795
classification_electricity_laya_metadata_query_gate_text,FordA,0.7795,0.7795
classification_electricity_laya_metadata_query_gate_text,FordB,0.6037,0.5838
classification_electricity_laya_metadata_query_gate_text_stats_avg,EthanolConcentration,0.3042,0.2677
classification_electricity_laya_metadata_query_gate_text_stats_avg,FaceDetection,0.5221,0.5171
classification_electricity_laya_metadata_query_gate_text_stats_avg,Handwriting,0.0871,0.0480
classification_electricity_laya_metadata_query_gate_text_stats_avg,Heartbeat,0.7561,0.6496
classification_electricity_laya_metadata_query_gate_text_stats_avg,JapaneseVowels,0.4432,0.4436
classification_electricity_laya_metadata_query_gate_text_stats_avg,PEMS-SF,0.3121,0.2992
classification_electricity_laya_metadata_query_gate_text_stats_avg,SelfRegulationSCP1,0.7782,0.7697
classification_electricity_laya_metadata_query_gate_text_stats_avg,SelfRegulationSCP2,0.4889,0.4889
classification_electricity_laya_metadata_query_gate_text_stats_avg,SpokenArabicDigits,0.2965,0.2412
classification_electricity_laya_metadata_query_gate_text_stats_avg,UWaveGestureLibrary,0.3969,0.3962
classification_electricity_laya_metadata_query_gate_text_stats_avg,ECG200,0.8000,0.7662
classification_electricity_laya_metadata_query_gate_text_stats_avg,ECG5000,0.8838,0.3622
classification_electricity_laya_metadata_query_gate_text_stats_avg,FordA,0.7303,0.7297
classification_electricity_laya_metadata_query_gate_text_stats_avg,FordB,0.6000,0.5884
classification_electricity_laya_metadata_query_gate_text_stats_joint,EthanolConcentration,0.2852,0.2733
classification_electricity_laya_metadata_query_gate_text_stats_joint,FaceDetection,0.5221,0.5048
classification_electricity_laya_metadata_query_gate_text_stats_joint,Handwriting,0.0788,0.0276
classification_electricity_laya_metadata_query_gate_text_stats_joint,Heartbeat,0.7756,0.6428
classification_electricity_laya_metadata_query_gate_text_stats_joint,JapaneseVowels,0.4054,0.4028
classification_electricity_laya_metadata_query_gate_text_stats_joint,PEMS-SF,0.3121,0.3067
classification_electricity_laya_metadata_query_gate_text_stats_joint,SelfRegulationSCP1,0.7816,0.7736
classification_electricity_laya_metadata_query_gate_text_stats_joint,SelfRegulationSCP2,0.5278,0.4932
classification_electricity_laya_metadata_query_gate_text_stats_joint,SpokenArabicDigits,0.2660,0.2356
classification_electricity_laya_metadata_query_gate_text_stats_joint,UWaveGestureLibrary,0.4375,0.4320
classification_electricity_laya_metadata_query_gate_text_stats_joint,ECG200,0.8000,0.7702
classification_electricity_laya_metadata_query_gate_text_stats_joint,ECG5000,0.8898,0.4197
classification_electricity_laya_metadata_query_gate_text_stats_joint,FordA,0.8000,0.7994
classification_electricity_laya_metadata_query_gate_text_stats_joint,FordB,0.6148,0.6026
classification_electricity_laya_mixer_concat_stats,EthanolConcentration,0.2738,0.1794
classification_electricity_laya_mixer_concat_stats,FaceDetection,0.5037,0.4321
classification_electricity_laya_mixer_concat_stats,Handwriting,0.0282,0.0034
classification_electricity_laya_mixer_concat_stats,Heartbeat,0.7220,0.4193
classification_electricity_laya_mixer_concat_stats,JapaneseVowels,0.3676,0.3774
classification_electricity_laya_mixer_concat_stats,PEMS-SF,0.2023,0.1763
classification_electricity_laya_mixer_concat_stats,SelfRegulationSCP1,0.7816,0.7753
classification_electricity_laya_mixer_concat_stats,SelfRegulationSCP2,0.5000,0.3430
classification_electricity_laya_mixer_concat_stats,SpokenArabicDigits,0.2456,0.2148
classification_electricity_laya_mixer_concat_stats,UWaveGestureLibrary,0.1250,0.0289
classification_electricity_laya_mixer_concat_stats,ECG200,0.6300,0.4107
classification_electricity_laya_mixer_concat_stats,ECG5000,0.8609,0.3518
classification_electricity_laya_mixer_concat_stats,FordA,0.7121,0.7121
classification_electricity_laya_mixer_concat_stats,FordB,0.5716,0.5139
classification_electricity_laya_mixer_concat_text,EthanolConcentration,0.2814,0.1852
classification_electricity_laya_mixer_concat_text,FaceDetection,0.5068,0.4438
classification_electricity_laya_mixer_concat_text,Handwriting,0.0376,0.0028
classification_electricity_laya_mixer_concat_text,Heartbeat,0.7220,0.4193
classification_electricity_laya_mixer_concat_text,JapaneseVowels,0.4432,0.4210
classification_electricity_laya_mixer_concat_text,PEMS-SF,0.1618,0.1060
classification_electricity_laya_mixer_concat_text,SelfRegulationSCP1,0.7474,0.7360
classification_electricity_laya_mixer_concat_text,SelfRegulationSCP2,0.5000,0.3333
classification_electricity_laya_mixer_concat_text,SpokenArabicDigits,0.3142,0.2852
classification_electricity_laya_mixer_concat_text,UWaveGestureLibrary,0.1281,0.0340
classification_electricity_laya_mixer_concat_text,ECG200,0.6400,0.3902
classification_electricity_laya_mixer_concat_text,ECG5000,0.8127,0.3272
classification_electricity_laya_mixer_concat_text,FordA,0.6447,0.6435
classification_electricity_laya_mixer_concat_text,FordB,0.5469,0.5253
classification_electricity_laya_mixer_concat_text_stats_avg,EthanolConcentration,0.2966,0.1908
classification_electricity_laya_mixer_concat_text_stats_avg,FaceDetection,0.4960,0.3708
classification_electricity_laya_mixer_concat_text_stats_avg,Handwriting,0.0388,0.0083
classification_electricity_laya_mixer_concat_text_stats_avg,Heartbeat,0.7220,0.5443
classification_electricity_laya_mixer_concat_text_stats_avg,JapaneseVowels,0.2649,0.2415
classification_electricity_laya_mixer_concat_text_stats_avg,PEMS-SF,0.2139,0.1675
classification_electricity_laya_mixer_concat_text_stats_avg,SelfRegulationSCP1,0.7235,0.7058
classification_electricity_laya_mixer_concat_text_stats_avg,SelfRegulationSCP2,0.5056,0.3948
classification_electricity_laya_mixer_concat_text_stats_avg,SpokenArabicDigits,0.2365,0.1966
classification_electricity_laya_mixer_concat_text_stats_avg,UWaveGestureLibrary,0.3063,0.2448
classification_electricity_laya_mixer_concat_text_stats_avg,ECG200,0.6400,0.3902
classification_electricity_laya_mixer_concat_text_stats_avg,ECG5000,0.8564,0.3501
classification_electricity_laya_mixer_concat_text_stats_avg,FordA,0.6727,0.6717
classification_electricity_laya_mixer_concat_text_stats_avg,FordB,0.5691,0.5660
classification_electricity_laya_mixer_concat_text_stats_joint,EthanolConcentration,0.2700,0.1766
classification_electricity_laya_mixer_concat_text_stats_joint,FaceDetection,0.5292,0.5082
classification_electricity_laya_mixer_concat_text_stats_joint,Handwriting,0.0612,0.0099
classification_electricity_laya_mixer_concat_text_stats_joint,Heartbeat,0.7366,0.5240
classification_electricity_laya_mixer_concat_text_stats_joint,JapaneseVowels,0.3459,0.3116
classification_electricity_laya_mixer_concat_text_stats_joint,PEMS-SF,0.3410,0.2960
classification_electricity_laya_mixer_concat_text_stats_joint,SelfRegulationSCP1,0.7747,0.7665
classification_electricity_laya_mixer_concat_text_stats_joint,SelfRegulationSCP2,0.5056,0.3637
classification_electricity_laya_mixer_concat_text_stats_joint,SpokenArabicDigits,0.3856,0.3660
classification_electricity_laya_mixer_concat_text_stats_joint,UWaveGestureLibrary,0.2375,0.1296
classification_electricity_laya_mixer_concat_text_stats_joint,ECG200,0.6400,0.3902
classification_electricity_laya_mixer_concat_text_stats_joint,ECG5000,0.8500,0.3469
classification_electricity_laya_mixer_concat_text_stats_joint,FordA,0.6417,0.6399
classification_electricity_laya_mixer_concat_text_stats_joint,FordB,0.5667,0.5130
classification_electricity_laya_mixer_stats,EthanolConcentration,0.2814,0.1729
classification_electricity_laya_mixer_stats,FaceDetection,0.5102,0.4545
classification_electricity_laya_mixer_stats,Handwriting,0.0447,0.0073
classification_electricity_laya_mixer_stats,Heartbeat,0.7415,0.5155
classification_electricity_laya_mixer_stats,JapaneseVowels,0.4351,0.4298
classification_electricity_laya_mixer_stats,PEMS-SF,0.2428,0.2199
classification_electricity_laya_mixer_stats,SelfRegulationSCP1,0.7201,0.7005
classification_electricity_laya_mixer_stats,SelfRegulationSCP2,0.5056,0.3456
classification_electricity_laya_mixer_stats,SpokenArabicDigits,0.2838,0.2682
classification_electricity_laya_mixer_stats,UWaveGestureLibrary,0.2687,0.2170
classification_electricity_laya_mixer_stats,ECG200,0.7900,0.7523
classification_electricity_laya_mixer_stats,ECG5000,0.8493,0.3466
classification_electricity_laya_mixer_stats,FordA,0.6841,0.6840
classification_electricity_laya_mixer_stats,FordB,0.5741,0.5556
classification_electricity_laya_mixer_text,EthanolConcentration,0.2700,0.1761
classification_electricity_laya_mixer_text,FaceDetection,0.5071,0.4251
classification_electricity_laya_mixer_text,Handwriting,0.0600,0.0087
classification_electricity_laya_mixer_text,Heartbeat,0.7220,0.4193
classification_electricity_laya_mixer_text,JapaneseVowels,0.3595,0.3065
classification_electricity_laya_mixer_text,PEMS-SF,0.1445,0.0939
classification_electricity_laya_mixer_text,SelfRegulationSCP1,0.7167,0.6963
classification_electricity_laya_mixer_text,SelfRegulationSCP2,0.5000,0.3333
classification_electricity_laya_mixer_text,SpokenArabicDigits,0.3288,0.3122
classification_electricity_laya_mixer_text,UWaveGestureLibrary,0.1656,0.0756
classification_electricity_laya_mixer_text,ECG200,0.6400,0.3902
classification_electricity_laya_mixer_text,ECG5000,0.8211,0.3345
classification_electricity_laya_mixer_text,FordA,0.5886,0.5798
classification_electricity_laya_mixer_text,FordB,0.5370,0.5204
classification_electricity_laya_mixer_text_stats_avg,EthanolConcentration,0.2700,0.1803
classification_electricity_laya_mixer_text_stats_avg,FaceDetection,0.5136,0.4739
classification_electricity_laya_mixer_text_stats_avg,Handwriting,0.0506,0.0037
classification_electricity_laya_mixer_text_stats_avg,Heartbeat,0.7220,0.4193
classification_electricity_laya_mixer_text_stats_avg,JapaneseVowels,0.3811,0.3421
classification_electricity_laya_mixer_text_stats_avg,PEMS-SF,0.2428,0.1861
classification_electricity_laya_mixer_text_stats_avg,SelfRegulationSCP1,0.7440,0.7312
classification_electricity_laya_mixer_text_stats_avg,SelfRegulationSCP2,0.5000,0.3430
classification_electricity_laya_mixer_text_stats_avg,SpokenArabicDigits,0.4270,0.4200
classification_electricity_laya_mixer_text_stats_avg,UWaveGestureLibrary,0.2031,0.1265
classification_electricity_laya_mixer_text_stats_avg,ECG200,0.6700,0.5540
classification_electricity_laya_mixer_text_stats_avg,ECG5000,0.8916,0.3658
classification_electricity_laya_mixer_text_stats_avg,FordA,0.5970,0.5791
classification_electricity_laya_mixer_text_stats_avg,FordB,0.5099,0.5093
classification_electricity_laya_mixer_text_stats_joint,EthanolConcentration,0.2700,0.1791
classification_electricity_laya_mixer_text_stats_joint,FaceDetection,0.5028,0.4809
classification_electricity_laya_mixer_text_stats_joint,Handwriting,0.0388,0.0067
classification_electricity_laya_mixer_text_stats_joint,Heartbeat,0.7220,0.4193
classification_electricity_laya_mixer_text_stats_joint,JapaneseVowels,0.3405,0.2797
classification_electricity_laya_mixer_text_stats_joint,PEMS-SF,0.2486,0.1826
classification_electricity_laya_mixer_text_stats_joint,SelfRegulationSCP1,0.7167,0.6963
classification_electricity_laya_mixer_text_stats_joint,SelfRegulationSCP2,0.5000,0.3430
classification_electricity_laya_mixer_text_stats_joint,SpokenArabicDigits,0.3429,0.3346
classification_electricity_laya_mixer_text_stats_joint,UWaveGestureLibrary,0.1313,0.0380
classification_electricity_laya_mixer_text_stats_joint,ECG200,0.6400,0.3902
classification_electricity_laya_mixer_text_stats_joint,ECG5000,0.8760,0.3624
classification_electricity_laya_mixer_text_stats_joint,FordA,0.6697,0.6604
classification_electricity_laya_mixer_text_stats_joint,FordB,0.5617,0.5418
classification_electricity_laya_relation_text,EthanolConcentration,0.3118,0.2849
