mode,dataset,pred_len,test_mse,test_mae
forecasting_electricity_laya_ci,ETTm1,96,0.325,0.386
forecasting_electricity_laya_ci,ETTm1,192,0.377,0.417
forecasting_electricity_laya_ci,ETTm1,336,0.425,0.447
forecasting_electricity_laya_ci,ETTm1,720,0.477,0.486
forecasting_electricity_laya_ci,ETTm2,96,0.157,0.265
forecasting_electricity_laya_ci,ETTm2,192,0.196,0.295
forecasting_electricity_laya_ci,ETTm2,336,0.230,0.323
forecasting_electricity_laya_ci,ETTm2,720,0.289,0.373
forecasting_electricity_laya_ci,weather,96,0.202,0.264
forecasting_electricity_laya_ci,weather,192,0.256,0.314
forecasting_electricity_laya_ci,weather,336,0.312,0.365
forecasting_electricity_laya_ci,weather,720,0.386,0.412
forecasting_electricity_laya_description_relation_text,ETTm1,96,0.685,0.639
forecasting_electricity_laya_description_relation_text,ETTm1,192,0.725,0.653
forecasting_electricity_laya_description_relation_text,ETTm1,336,0.815,0.695
forecasting_electricity_laya_description_relation_text,ETTm1,720,0.897,0.734
forecasting_electricity_laya_description_relation_text,ETTm2,96,1.097,0.760
forecasting_electricity_laya_description_relation_text,ETTm2,192,1.225,0.816
forecasting_electricity_laya_description_relation_text,ETTm2,336,1.301,0.824
forecasting_electricity_laya_description_relation_text,ETTm2,720,1.358,0.875
forecasting_electricity_laya_description_relation_text,weather,96,0.445,0.470
forecasting_electricity_laya_description_relation_text,weather,192,0.485,0.506
forecasting_electricity_laya_description_relation_text,weather,336,0.515,0.510
forecasting_electricity_laya_description_relation_text,weather,720,0.542,0.524
forecasting_electricity_laya_description_suppression_stats,ETTm1,96,0.504,0.509
forecasting_electricity_laya_description_suppression_stats,ETTm1,192,0.542,0.528
forecasting_electricity_laya_description_suppression_stats,ETTm1,336,0.590,0.553
forecasting_electricity_laya_description_suppression_stats,ETTm1,720,0.636,0.585
forecasting_electricity_laya_description_suppression_stats,ETTm2,96,0.725,0.657
forecasting_electricity_laya_description_suppression_stats,ETTm2,192,0.684,0.612
forecasting_electricity_laya_description_suppression_stats,ETTm2,336,0.702,0.620
forecasting_electricity_laya_description_suppression_stats,ETTm2,720,0.780,0.665
forecasting_electricity_laya_description_suppression_stats,weather,96,0.556,0.591
forecasting_electricity_laya_description_suppression_stats,weather,192,0.588,0.609
forecasting_electricity_laya_description_suppression_stats,weather,336,0.604,0.614
forecasting_electricity_laya_description_suppression_stats,weather,720,0.649,0.636
forecasting_electricity_laya_description_suppression_text,ETTm1,96,0.504,0.509
forecasting_electricity_laya_description_suppression_text,ETTm1,192,0.542,0.528
forecasting_electricity_laya_description_suppression_text,ETTm1,336,0.590,0.553
forecasting_electricity_laya_description_suppression_text,ETTm1,720,0.636,0.585
forecasting_electricity_laya_description_suppression_text,ETTm2,96,0.725,0.657
forecasting_electricity_laya_description_suppression_text,ETTm2,192,0.684,0.612
forecasting_electricity_laya_description_suppression_text,ETTm2,336,0.702,0.620
forecasting_electricity_laya_description_suppression_text,ETTm2,720,0.780,0.665
forecasting_electricity_laya_description_suppression_text,weather,96,0.556,0.591
forecasting_electricity_laya_description_suppression_text,weather,192,0.588,0.609
forecasting_electricity_laya_description_suppression_text,weather,336,0.604,0.614
forecasting_electricity_laya_description_suppression_text,weather,720,0.649,0.636
forecasting_electricity_laya_description_suppression_text_stats_avg,ETTm1,96,0.558,0.544
forecasting_electricity_laya_description_suppression_text_stats_avg,ETTm1,192,0.598,0.562
forecasting_electricity_laya_description_suppression_text_stats_avg,ETTm1,336,0.642,0.585
forecasting_electricity_laya_description_suppression_text_stats_avg,ETTm1,720,0.665,0.598
forecasting_electricity_laya_description_suppression_text_stats_avg,ETTm2,96,0.800,0.697
forecasting_electricity_laya_description_suppression_text_stats_avg,ETTm2,192,0.845,0.701
forecasting_electricity_laya_description_suppression_text_stats_avg,ETTm2,336,0.889,0.753
forecasting_electricity_laya_description_suppression_text_stats_avg,ETTm2,720,0.954,0.777
forecasting_electricity_laya_description_suppression_text_stats_avg,weather,96,0.470,0.536
forecasting_electricity_laya_description_suppression_text_stats_avg,weather,192,0.478,0.539
forecasting_electricity_laya_description_suppression_text_stats_avg,weather,336,0.534,0.570
forecasting_electricity_laya_description_suppression_text_stats_avg,weather,720,0.575,0.589
forecasting_electricity_laya_description_suppression_text_stats_joint,ETTm1,96,0.504,0.509
forecasting_electricity_laya_description_suppression_text_stats_joint,ETTm1,192,0.542,0.528
forecasting_electricity_laya_description_suppression_text_stats_joint,ETTm1,336,0.590,0.553
forecasting_electricity_laya_description_suppression_text_stats_joint,ETTm1,720,0.636,0.585
forecasting_electricity_laya_description_suppression_text_stats_joint,ETTm2,96,0.725,0.657
forecasting_electricity_laya_description_suppression_text_stats_joint,ETTm2,192,0.684,0.612
forecasting_electricity_laya_description_suppression_text_stats_joint,ETTm2,336,0.702,0.620
forecasting_electricity_laya_description_suppression_text_stats_joint,ETTm2,720,0.780,0.665
forecasting_electricity_laya_description_suppression_text_stats_joint,weather,96,0.556,0.591
forecasting_electricity_laya_description_suppression_text_stats_joint,weather,192,0.588,0.609
forecasting_electricity_laya_description_suppression_text_stats_joint,weather,336,0.604,0.614
forecasting_electricity_laya_description_suppression_text_stats_joint,weather,720,0.649,0.636
forecasting_electricity_laya_metadata_query_bias_stats,ETTm1,96,0.538,0.556
forecasting_electricity_laya_metadata_query_bias_stats,ETTm1,192,0.597,0.590
forecasting_electricity_laya_metadata_query_bias_stats,ETTm1,336,0.661,0.625
forecasting_electricity_laya_metadata_query_bias_stats,ETTm1,720,0.702,0.641
forecasting_electricity_laya_metadata_query_bias_stats,ETTm2,96,0.693,0.555
forecasting_electricity_laya_metadata_query_bias_stats,ETTm2,192,0.731,0.565
forecasting_electricity_laya_metadata_query_bias_stats,ETTm2,336,0.863,0.632
forecasting_electricity_laya_metadata_query_bias_stats,ETTm2,720,0.887,0.641
forecasting_electricity_laya_metadata_query_bias_stats,weather,96,0.307,0.373
forecasting_electricity_laya_metadata_query_bias_stats,weather,192,0.350,0.409
forecasting_electricity_laya_metadata_query_bias_stats,weather,336,0.397,0.440
forecasting_electricity_laya_metadata_query_bias_stats,weather,720,0.437,0.460
forecasting_electricity_laya_metadata_query_bias_text,ETTm1,96,0.573,0.562
forecasting_electricity_laya_metadata_query_bias_text,ETTm1,192,0.632,0.594
forecasting_electricity_laya_metadata_query_bias_text,ETTm1,336,0.728,0.657
forecasting_electricity_laya_metadata_query_bias_text,ETTm1,720,0.977,0.767
forecasting_electricity_laya_metadata_query_bias_text,ETTm2,96,0.460,0.492
forecasting_electricity_laya_metadata_query_bias_text,ETTm2,192,0.624,0.566
forecasting_electricity_laya_metadata_query_bias_text,ETTm2,336,0.758,0.624
forecasting_electricity_laya_metadata_query_bias_text,ETTm2,720,1.017,0.729
forecasting_electricity_laya_metadata_query_bias_text,weather,96,0.361,0.413
forecasting_electricity_laya_metadata_query_bias_text,weather,192,0.462,0.476
forecasting_electricity_laya_metadata_query_bias_text,weather,336,0.513,0.502
forecasting_electricity_laya_metadata_query_bias_text,weather,720,0.635,0.558
forecasting_electricity_laya_metadata_query_gate_stats,ETTm1,96,0.385,0.431
forecasting_electricity_laya_metadata_query_gate_stats,ETTm1,192,0.436,0.459
forecasting_electricity_laya_metadata_query_gate_stats,ETTm1,336,0.478,0.480
forecasting_electricity_laya_metadata_query_gate_stats,ETTm1,720,0.528,0.516
forecasting_electricity_laya_metadata_query_gate_stats,ETTm2,96,0.275,0.367
forecasting_electricity_laya_metadata_query_gate_stats,ETTm2,192,0.298,0.378
forecasting_electricity_laya_metadata_query_gate_stats,ETTm2,336,0.324,0.388
forecasting_electricity_laya_metadata_query_gate_stats,ETTm2,720,0.423,0.465
forecasting_electricity_laya_metadata_query_gate_stats,weather,96,0.417,0.496
forecasting_electricity_laya_metadata_query_gate_stats,weather,192,0.467,0.530
forecasting_electricity_laya_metadata_query_gate_stats,weather,336,0.497,0.541
forecasting_electricity_laya_metadata_query_gate_stats,weather,720,0.551,0.570
forecasting_electricity_laya_metadata_query_gate_text,ETTm1,96,0.564,0.538
forecasting_electricity_laya_metadata_query_gate_text,ETTm1,192,0.610,0.561
forecasting_electricity_laya_metadata_query_gate_text,ETTm1,336,0.637,0.572
forecasting_electricity_laya_metadata_query_gate_text,ETTm1,720,0.666,0.590
forecasting_electricity_laya_metadata_query_gate_text,ETTm2,96,0.759,0.658
forecasting_electricity_laya_metadata_query_gate_text,ETTm2,192,0.771,0.662
forecasting_electricity_laya_metadata_query_gate_text,ETTm2,336,0.793,0.671
forecasting_electricity_laya_metadata_query_gate_text,ETTm2,720,0.816,0.682
forecasting_electricity_laya_metadata_query_gate_text,weather,96,0.503,0.558
forecasting_electricity_laya_metadata_query_gate_text,weather,192,0.546,0.583
forecasting_electricity_laya_metadata_query_gate_text,weather,336,0.591,0.605
forecasting_electricity_laya_metadata_query_gate_text,weather,720,0.601,0.608
forecasting_electricity_laya_metadata_query_gate_text_stats_avg,ETTm1,96,0.482,0.504
forecasting_electricity_laya_metadata_query_gate_text_stats_avg,ETTm1,192,0.531,0.528
forecasting_electricity_laya_metadata_query_gate_text_stats_avg,ETTm1,336,0.575,0.550
forecasting_electricity_laya_metadata_query_gate_text_stats_avg,ETTm1,720,0.595,0.562
forecasting_electricity_laya_metadata_query_gate_text_stats_avg,ETTm2,96,0.550,0.558
forecasting_electricity_laya_metadata_query_gate_text_stats_avg,ETTm2,192,0.563,0.559
forecasting_electricity_laya_metadata_query_gate_text_stats_avg,ETTm2,336,0.609,0.586
forecasting_electricity_laya_metadata_query_gate_text_stats_avg,ETTm2,720,0.685,0.621
forecasting_electricity_laya_metadata_query_gate_text_stats_avg,weather,96,0.475,0.535
forecasting_electricity_laya_metadata_query_gate_text_stats_avg,weather,192,0.516,0.562
forecasting_electricity_laya_metadata_query_gate_text_stats_avg,weather,336,0.537,0.568
forecasting_electricity_laya_metadata_query_gate_text_stats_avg,weather,720,0.590,0.601
forecasting_electricity_laya_metadata_query_gate_text_stats_joint,ETTm1,96,0.485,0.512
forecasting_electricity_laya_metadata_query_gate_text_stats_joint,ETTm1,192,0.533,0.534
forecasting_electricity_laya_metadata_query_gate_text_stats_joint,ETTm1,336,0.570,0.552
forecasting_electricity_laya_metadata_query_gate_text_stats_joint,ETTm1,720,0.598,0.569
forecasting_electricity_laya_metadata_query_gate_text_stats_joint,ETTm2,96,0.640,0.602
forecasting_electricity_laya_metadata_query_gate_text_stats_joint,ETTm2,192,0.655,0.608
forecasting_electricity_laya_metadata_query_gate_text_stats_joint,ETTm2,336,0.707,0.632
forecasting_electricity_laya_metadata_query_gate_text_stats_joint,ETTm2,720,0.747,0.648
forecasting_electricity_laya_metadata_query_gate_text_stats_joint,weather,96,0.506,0.557
forecasting_electricity_laya_metadata_query_gate_text_stats_joint,weather,192,0.534,0.570
forecasting_electricity_laya_metadata_query_gate_text_stats_joint,weather,336,0.573,0.591
forecasting_electricity_laya_metadata_query_gate_text_stats_joint,weather,720,0.610,0.611
forecasting_electricity_laya_mixer_concat_stats,ETTm1,96,0.909,0.687
forecasting_electricity_laya_mixer_concat_stats,ETTm1,192,0.923,0.692
forecasting_electricity_laya_mixer_concat_stats,ETTm1,336,0.936,0.699
forecasting_electricity_laya_mixer_concat_stats,ETTm1,720,0.960,0.714
forecasting_electricity_laya_mixer_concat_stats,ETTm2,96,1.137,0.796
forecasting_electricity_laya_mixer_concat_stats,ETTm2,192,1.161,0.809
forecasting_electricity_laya_mixer_concat_stats,ETTm2,336,1.180,0.820
forecasting_electricity_laya_mixer_concat_stats,ETTm2,720,1.204,0.836
forecasting_electricity_laya_mixer_concat_stats,weather,96,0.602,0.602
forecasting_electricity_laya_mixer_concat_stats,weather,192,0.619,0.612
forecasting_electricity_laya_mixer_concat_stats,weather,336,0.642,0.624
forecasting_electricity_laya_mixer_concat_stats,weather,720,0.677,0.643
forecasting_electricity_laya_mixer_concat_text,ETTm1,96,0.452,0.491
forecasting_electricity_laya_mixer_concat_text,ETTm1,192,0.506,0.521
forecasting_electricity_laya_mixer_concat_text,ETTm1,336,0.542,0.536
forecasting_electricity_laya_mixer_concat_text,ETTm1,720,0.575,0.557
forecasting_electricity_laya_mixer_concat_text,ETTm2,96,0.572,0.545
forecasting_electricity_laya_mixer_concat_text,ETTm2,192,0.574,0.549
forecasting_electricity_laya_mixer_concat_text,ETTm2,336,0.616,0.573
forecasting_electricity_laya_mixer_concat_text,ETTm2,720,0.655,0.599
forecasting_electricity_laya_mixer_concat_text,weather,96,0.456,0.510
forecasting_electricity_laya_mixer_concat_text,weather,192,0.486,0.526
forecasting_electricity_laya_mixer_concat_text,weather,336,0.513,0.542
forecasting_electricity_laya_mixer_concat_text,weather,720,0.551,0.564
forecasting_electricity_laya_mixer_concat_text_stats_avg,ETTm1,96,0.554,0.546
forecasting_electricity_laya_mixer_concat_text_stats_avg,ETTm1,192,0.591,0.563
forecasting_electricity_laya_mixer_concat_text_stats_avg,ETTm1,336,0.628,0.580
forecasting_electricity_laya_mixer_concat_text_stats_avg,ETTm1,720,0.647,0.593
forecasting_electricity_laya_mixer_concat_text_stats_avg,ETTm2,96,0.672,0.615
forecasting_electricity_laya_mixer_concat_text_stats_avg,ETTm2,192,0.686,0.623
forecasting_electricity_laya_mixer_concat_text_stats_avg,ETTm2,336,0.735,0.641
forecasting_electricity_laya_mixer_concat_text_stats_avg,ETTm2,720,0.788,0.670
forecasting_electricity_laya_mixer_concat_text_stats_avg,weather,96,0.458,0.519
forecasting_electricity_laya_mixer_concat_text_stats_avg,weather,192,0.488,0.535
forecasting_electricity_laya_mixer_concat_text_stats_avg,weather,336,0.510,0.547
forecasting_electricity_laya_mixer_concat_text_stats_avg,weather,720,0.545,0.567
forecasting_electricity_laya_mixer_concat_text_stats_joint,ETTm1,96,0.588,0.521
forecasting_electricity_laya_mixer_concat_text_stats_joint,ETTm1,192,0.624,0.538
forecasting_electricity_laya_mixer_concat_text_stats_joint,ETTm1,336,0.654,0.555
forecasting_electricity_laya_mixer_concat_text_stats_joint,ETTm1,720,0.691,0.581
forecasting_electricity_laya_mixer_concat_text_stats_joint,ETTm2,96,0.637,0.552
forecasting_electricity_laya_mixer_concat_text_stats_joint,ETTm2,192,0.665,0.570
forecasting_electricity_laya_mixer_concat_text_stats_joint,ETTm2,336,0.699,0.590
forecasting_electricity_laya_mixer_concat_text_stats_joint,ETTm2,720,0.746,0.615
forecasting_electricity_laya_mixer_concat_text_stats_joint,weather,96,0.598,0.595
forecasting_electricity_laya_mixer_concat_text_stats_joint,weather,192,0.618,0.606
forecasting_electricity_laya_mixer_concat_text_stats_joint,weather,336,0.634,0.615
forecasting_electricity_laya_mixer_concat_text_stats_joint,weather,720,0.654,0.626
forecasting_electricity_laya_mixer_stats,ETTm1,96,0.626,0.605
forecasting_electricity_laya_mixer_stats,ETTm1,192,0.669,0.623
forecasting_electricity_laya_mixer_stats,ETTm1,336,0.707,0.641
forecasting_electricity_laya_mixer_stats,ETTm1,720,0.763,0.669
forecasting_electricity_laya_mixer_stats,ETTm2,96,0.908,0.714
forecasting_electricity_laya_mixer_stats,ETTm2,192,0.930,0.723
forecasting_electricity_laya_mixer_stats,ETTm2,336,0.978,0.746
forecasting_electricity_laya_mixer_stats,ETTm2,720,0.984,0.756
forecasting_electricity_laya_mixer_stats,weather,96,0.506,0.547
forecasting_electricity_laya_mixer_stats,weather,192,0.533,0.560
forecasting_electricity_laya_mixer_stats,weather,336,0.556,0.570
forecasting_electricity_laya_mixer_stats,weather,720,0.607,0.600
forecasting_electricity_laya_mixer_text,ETTm1,96,0.489,0.511
forecasting_electricity_laya_mixer_text,ETTm1,192,0.537,0.535
forecasting_electricity_laya_mixer_text,ETTm1,336,0.583,0.559
forecasting_electricity_laya_mixer_text,ETTm1,720,0.619,0.580
forecasting_electricity_laya_mixer_text,ETTm2,96,0.581,0.584
forecasting_electricity_laya_mixer_text,ETTm2,192,0.598,0.588
forecasting_electricity_laya_mixer_text,ETTm2,336,0.617,0.598
forecasting_electricity_laya_mixer_text,ETTm2,720,0.683,0.633
forecasting_electricity_laya_mixer_text,weather,96,0.512,0.547
forecasting_electricity_laya_mixer_text,weather,192,0.547,0.566
forecasting_electricity_laya_mixer_text,weather,336,0.569,0.573
forecasting_electricity_laya_mixer_text,weather,720,0.612,0.597
forecasting_electricity_laya_mixer_text_stats_avg,ETTm1,96,0.470,0.487
forecasting_electricity_laya_mixer_text_stats_avg,ETTm1,192,0.516,0.507
forecasting_electricity_laya_mixer_text_stats_avg,ETTm1,336,0.554,0.526
forecasting_electricity_laya_mixer_text_stats_avg,ETTm1,720,0.584,0.546
forecasting_electricity_laya_mixer_text_stats_avg,ETTm2,96,0.477,0.506
forecasting_electricity_laya_mixer_text_stats_avg,ETTm2,192,0.501,0.518
forecasting_electricity_laya_mixer_text_stats_avg,ETTm2,336,0.560,0.546
forecasting_electricity_laya_mixer_text_stats_avg,ETTm2,720,0.608,0.569
forecasting_electricity_laya_mixer_text_stats_avg,weather,96,0.451,0.519
forecasting_electricity_laya_mixer_text_stats_avg,weather,192,0.481,0.535
forecasting_electricity_laya_mixer_text_stats_avg,weather,336,0.510,0.551
forecasting_electricity_laya_mixer_text_stats_avg,weather,720,0.556,0.573
forecasting_electricity_laya_mixer_text_stats_joint,ETTm1,96,0.485,0.510
forecasting_electricity_laya_mixer_text_stats_joint,ETTm1,192,0.544,0.540
forecasting_electricity_laya_mixer_text_stats_joint,ETTm1,336,0.579,0.554
forecasting_electricity_laya_mixer_text_stats_joint,ETTm1,720,0.609,0.572
forecasting_electricity_laya_mixer_text_stats_joint,ETTm2,96,0.750,0.666
forecasting_electricity_laya_mixer_text_stats_joint,ETTm2,192,0.784,0.683
forecasting_electricity_laya_mixer_text_stats_joint,ETTm2,336,0.856,0.724
forecasting_electricity_laya_mixer_text_stats_joint,ETTm2,720,0.899,0.741
forecasting_electricity_laya_mixer_text_stats_joint,weather,96,0.518,0.542
forecasting_electricity_laya_mixer_text_stats_joint,weather,192,0.558,0.566
forecasting_electricity_laya_mixer_text_stats_joint,weather,336,0.590,0.580
forecasting_electricity_laya_mixer_text_stats_joint,weather,720,0.634,0.605
