mode,dataset,pred_len,test_mse,test_mae
forecasting_electricity_laya_charm_like_text,ETTm1,96,0.5435,0.5553
forecasting_electricity_laya_charm_like_text,ETTm1,192,0.6249,0.5957
forecasting_electricity_laya_charm_like_text,ETTm1,336,0.7155,0.6431
forecasting_electricity_laya_charm_like_text,ETTm1,720,0.8529,0.7175
forecasting_electricity_laya_charm_like_text,ETTm2,96,0.6460,0.5620
forecasting_electricity_laya_charm_like_text,ETTm2,192,0.9473,0.6857
forecasting_electricity_laya_charm_like_text,ETTm2,336,1.0517,0.7123
forecasting_electricity_laya_charm_like_text,ETTm2,720,1.3109,0.8324
forecasting_electricity_laya_charm_like_text,weather,96,0.3547,0.4132
forecasting_electricity_laya_charm_like_text,weather,192,0.4264,0.4565
forecasting_electricity_laya_charm_like_text,weather,336,0.4936,0.4944
forecasting_electricity_laya_charm_like_text,weather,720,0.5135,0.5096
forecasting_electricity_laya_description_relation_text,ETTm1,96,0.6854,0.6386
forecasting_electricity_laya_description_relation_text,ETTm1,192,0.7254,0.6532
forecasting_electricity_laya_description_relation_text,ETTm1,336,0.8152,0.6948
forecasting_electricity_laya_description_relation_text,ETTm1,720,0.8971,0.7343
forecasting_electricity_laya_description_relation_text,ETTm2,96,1.0974,0.7596
forecasting_electricity_laya_description_relation_text,ETTm2,192,1.2246,0.8160
forecasting_electricity_laya_description_relation_text,ETTm2,336,1.3008,0.8243
forecasting_electricity_laya_description_relation_text,ETTm2,720,1.3579,0.8745
forecasting_electricity_laya_description_relation_text,weather,96,0.4448,0.4701
forecasting_electricity_laya_description_relation_text,weather,192,0.4854,0.5061
forecasting_electricity_laya_description_relation_text,weather,336,0.5147,0.5096
forecasting_electricity_laya_description_relation_text,weather,720,0.5423,0.5241
forecasting_electricity_laya_description_suppression_stats,ETTm1,96,0.5042,0.5089
forecasting_electricity_laya_description_suppression_stats,ETTm1,192,0.5424,0.5277
forecasting_electricity_laya_description_suppression_stats,ETTm1,336,0.5903,0.5527
forecasting_electricity_laya_description_suppression_stats,ETTm1,720,0.6360,0.5849
forecasting_electricity_laya_description_suppression_stats,ETTm2,96,0.7254,0.6573
forecasting_electricity_laya_description_suppression_stats,ETTm2,192,0.6839,0.6123
forecasting_electricity_laya_description_suppression_stats,ETTm2,336,0.7022,0.6199
forecasting_electricity_laya_description_suppression_stats,ETTm2,720,0.7797,0.6652
forecasting_electricity_laya_description_suppression_stats,weather,96,0.5563,0.5914
forecasting_electricity_laya_description_suppression_stats,weather,192,0.5880,0.6087
forecasting_electricity_laya_description_suppression_stats,weather,336,0.6036,0.6137
forecasting_electricity_laya_description_suppression_stats,weather,720,0.6494,0.6361
forecasting_electricity_laya_description_suppression_text,ETTm1,96,0.5042,0.5089
forecasting_electricity_laya_description_suppression_text,ETTm1,192,0.5424,0.5277
forecasting_electricity_laya_description_suppression_text,ETTm1,336,0.5903,0.5527
forecasting_electricity_laya_description_suppression_text,ETTm1,720,0.6360,0.5849
forecasting_electricity_laya_description_suppression_text,ETTm2,96,0.7254,0.6573
forecasting_electricity_laya_description_suppression_text,ETTm2,192,0.6839,0.6123
forecasting_electricity_laya_description_suppression_text,ETTm2,336,0.7022,0.6199
forecasting_electricity_laya_description_suppression_text,ETTm2,720,0.7797,0.6652
forecasting_electricity_laya_description_suppression_text,weather,96,0.5563,0.5914
forecasting_electricity_laya_description_suppression_text,weather,192,0.5880,0.6087
forecasting_electricity_laya_description_suppression_text,weather,336,0.6036,0.6137
forecasting_electricity_laya_description_suppression_text,weather,720,0.6494,0.6361
forecasting_electricity_laya_description_suppression_text_stats_avg,ETTm1,96,0.5581,0.5437
forecasting_electricity_laya_description_suppression_text_stats_avg,ETTm1,192,0.5985,0.5618
forecasting_electricity_laya_description_suppression_text_stats_avg,ETTm1,336,0.6416,0.5847
forecasting_electricity_laya_description_suppression_text_stats_avg,ETTm1,720,0.6649,0.5975
forecasting_electricity_laya_description_suppression_text_stats_avg,ETTm2,96,0.8001,0.6970
forecasting_electricity_laya_description_suppression_text_stats_avg,ETTm2,192,0.8448,0.7009
forecasting_electricity_laya_description_suppression_text_stats_avg,ETTm2,336,0.8888,0.7527
forecasting_electricity_laya_description_suppression_text_stats_avg,ETTm2,720,0.9545,0.7773
forecasting_electricity_laya_description_suppression_text_stats_avg,weather,96,0.4700,0.5356
forecasting_electricity_laya_description_suppression_text_stats_avg,weather,192,0.4782,0.5386
forecasting_electricity_laya_description_suppression_text_stats_avg,weather,336,0.5340,0.5702
forecasting_electricity_laya_description_suppression_text_stats_avg,weather,720,0.5754,0.5888
forecasting_electricity_laya_description_suppression_text_stats_joint,ETTm1,96,0.5042,0.5089
forecasting_electricity_laya_description_suppression_text_stats_joint,ETTm1,192,0.5424,0.5277
forecasting_electricity_laya_description_suppression_text_stats_joint,ETTm1,336,0.5903,0.5527
forecasting_electricity_laya_description_suppression_text_stats_joint,ETTm1,720,0.6360,0.5849
forecasting_electricity_laya_description_suppression_text_stats_joint,ETTm2,96,0.7254,0.6573
forecasting_electricity_laya_description_suppression_text_stats_joint,ETTm2,192,0.6839,0.6123
forecasting_electricity_laya_description_suppression_text_stats_joint,ETTm2,336,0.7022,0.6199
forecasting_electricity_laya_description_suppression_text_stats_joint,ETTm2,720,0.7797,0.6652
forecasting_electricity_laya_description_suppression_text_stats_joint,weather,96,0.5563,0.5914
forecasting_electricity_laya_description_suppression_text_stats_joint,weather,192,0.5880,0.6087
forecasting_electricity_laya_description_suppression_text_stats_joint,weather,336,0.6036,0.6137
forecasting_electricity_laya_description_suppression_text_stats_joint,weather,720,0.6494,0.6361
forecasting_electricity_laya_metadata_query_bias_stats,ETTm1,96,0.5382,0.5563
forecasting_electricity_laya_metadata_query_bias_stats,ETTm1,192,0.5970,0.5897
forecasting_electricity_laya_metadata_query_bias_stats,ETTm1,336,0.6608,0.6247
forecasting_electricity_laya_metadata_query_bias_stats,ETTm1,720,0.7017,0.6408
forecasting_electricity_laya_metadata_query_bias_stats,ETTm2,96,0.6926,0.5550
forecasting_electricity_laya_metadata_query_bias_stats,ETTm2,192,0.7309,0.5649
forecasting_electricity_laya_metadata_query_bias_stats,ETTm2,336,0.8625,0.6318
forecasting_electricity_laya_metadata_query_bias_stats,ETTm2,720,0.8869,0.6410
forecasting_electricity_laya_metadata_query_bias_stats,weather,96,0.3068,0.3725
forecasting_electricity_laya_metadata_query_bias_stats,weather,192,0.3502,0.4087
forecasting_electricity_laya_metadata_query_bias_stats,weather,336,0.3972,0.4395
forecasting_electricity_laya_metadata_query_bias_stats,weather,720,0.4366,0.4600
forecasting_electricity_laya_metadata_query_bias_text,ETTm1,96,0.5732,0.5620
forecasting_electricity_laya_metadata_query_bias_text,ETTm1,192,0.6324,0.5938
forecasting_electricity_laya_metadata_query_bias_text,ETTm1,336,0.7284,0.6570
forecasting_electricity_laya_metadata_query_bias_text,ETTm1,720,0.9767,0.7670
forecasting_electricity_laya_metadata_query_bias_text,ETTm2,96,0.4602,0.4917
forecasting_electricity_laya_metadata_query_bias_text,ETTm2,192,0.6237,0.5659
forecasting_electricity_laya_metadata_query_bias_text,ETTm2,336,0.7585,0.6244
forecasting_electricity_laya_metadata_query_bias_text,ETTm2,720,1.0166,0.7285
forecasting_electricity_laya_metadata_query_bias_text,weather,96,0.3609,0.4135
forecasting_electricity_laya_metadata_query_bias_text,weather,192,0.4622,0.4764
forecasting_electricity_laya_metadata_query_bias_text,weather,336,0.5130,0.5024
forecasting_electricity_laya_metadata_query_bias_text,weather,720,0.6349,0.5577
forecasting_electricity_laya_metadata_query_gate_stats,ETTm1,96,0.5624,0.5396
forecasting_electricity_laya_metadata_query_gate_stats,ETTm1,192,0.6062,0.5604
forecasting_electricity_laya_metadata_query_gate_stats,ETTm1,336,0.6403,0.5776
forecasting_electricity_laya_metadata_query_gate_stats,ETTm1,720,0.6663,0.5921
forecasting_electricity_laya_metadata_query_gate_stats,ETTm2,96,0.7827,0.6582
forecasting_electricity_laya_metadata_query_gate_stats,ETTm2,192,0.8115,0.6715
forecasting_electricity_laya_metadata_query_gate_stats,ETTm2,336,0.8159,0.6681
forecasting_electricity_laya_metadata_query_gate_stats,ETTm2,720,0.8397,0.6724
forecasting_electricity_laya_metadata_query_gate_stats,weather,96,0.4683,0.5333
forecasting_electricity_laya_metadata_query_gate_stats,weather,192,0.5035,0.5525
forecasting_electricity_laya_metadata_query_gate_stats,weather,336,0.5490,0.5778
forecasting_electricity_laya_metadata_query_gate_stats,weather,720,0.5773,0.5916
forecasting_electricity_laya_metadata_query_gate_text,ETTm1,96,0.5638,0.5377
forecasting_electricity_laya_metadata_query_gate_text,ETTm1,192,0.6101,0.5614
forecasting_electricity_laya_metadata_query_gate_text,ETTm1,336,0.6372,0.5716
forecasting_electricity_laya_metadata_query_gate_text,ETTm1,720,0.6659,0.5896
forecasting_electricity_laya_metadata_query_gate_text,ETTm2,96,0.7585,0.6577
forecasting_electricity_laya_metadata_query_gate_text,ETTm2,192,0.7713,0.6623
forecasting_electricity_laya_metadata_query_gate_text,ETTm2,336,0.7929,0.6707
forecasting_electricity_laya_metadata_query_gate_text,ETTm2,720,0.8164,0.6822
forecasting_electricity_laya_metadata_query_gate_text,weather,96,0.5027,0.5584
forecasting_electricity_laya_metadata_query_gate_text,weather,192,0.5462,0.5828
forecasting_electricity_laya_metadata_query_gate_text,weather,336,0.5908,0.6051
forecasting_electricity_laya_metadata_query_gate_text,weather,720,0.6007,0.6080
forecasting_electricity_laya_metadata_query_gate_text_stats_avg,ETTm1,96,0.5421,0.5350
forecasting_electricity_laya_metadata_query_gate_text_stats_avg,ETTm1,192,0.5836,0.5554
forecasting_electricity_laya_metadata_query_gate_text_stats_avg,ETTm1,336,0.6198,0.5752
forecasting_electricity_laya_metadata_query_gate_text_stats_avg,ETTm1,720,0.6381,0.5860
forecasting_electricity_laya_metadata_query_gate_text_stats_avg,ETTm2,96,0.6610,0.6105
forecasting_electricity_laya_metadata_query_gate_text_stats_avg,ETTm2,192,0.6539,0.6069
forecasting_electricity_laya_metadata_query_gate_text_stats_avg,ETTm2,336,0.7415,0.6478
forecasting_electricity_laya_metadata_query_gate_text_stats_avg,ETTm2,720,0.7898,0.6686
forecasting_electricity_laya_metadata_query_gate_text_stats_avg,weather,96,0.4759,0.5399
forecasting_electricity_laya_metadata_query_gate_text_stats_avg,weather,192,0.5473,0.5842
forecasting_electricity_laya_metadata_query_gate_text_stats_avg,weather,336,0.5596,0.5872
forecasting_electricity_laya_metadata_query_gate_text_stats_avg,weather,720,0.5906,0.6028
forecasting_electricity_laya_metadata_query_gate_text_stats_joint,ETTm1,96,0.5414,0.5278
forecasting_electricity_laya_metadata_query_gate_text_stats_joint,ETTm1,192,0.5873,0.5510
forecasting_electricity_laya_metadata_query_gate_text_stats_joint,ETTm1,336,0.6166,0.5645
forecasting_electricity_laya_metadata_query_gate_text_stats_joint,ETTm1,720,0.6488,0.5840
forecasting_electricity_laya_metadata_query_gate_text_stats_joint,ETTm2,96,0.7829,0.6607
forecasting_electricity_laya_metadata_query_gate_text_stats_joint,ETTm2,192,0.7903,0.6632
forecasting_electricity_laya_metadata_query_gate_text_stats_joint,ETTm2,336,0.8214,0.6737
forecasting_electricity_laya_metadata_query_gate_text_stats_joint,ETTm2,720,0.8442,0.6831
forecasting_electricity_laya_metadata_query_gate_text_stats_joint,weather,96,0.4832,0.5466
forecasting_electricity_laya_metadata_query_gate_text_stats_joint,weather,192,0.5284,0.5728
forecasting_electricity_laya_metadata_query_gate_text_stats_joint,weather,336,0.5720,0.5945
forecasting_electricity_laya_metadata_query_gate_text_stats_joint,weather,720,0.5879,0.6017
forecasting_electricity_laya_mixer_concat_stats,ETTm1,96,0.9091,0.6866
forecasting_electricity_laya_mixer_concat_stats,ETTm1,192,0.9228,0.6921
forecasting_electricity_laya_mixer_concat_stats,ETTm1,336,0.9361,0.6992
forecasting_electricity_laya_mixer_concat_stats,ETTm1,720,0.9597,0.7141
forecasting_electricity_laya_mixer_concat_stats,ETTm2,96,1.1369,0.7959
forecasting_electricity_laya_mixer_concat_stats,ETTm2,192,1.1610,0.8086
forecasting_electricity_laya_mixer_concat_stats,ETTm2,336,1.1803,0.8204
forecasting_electricity_laya_mixer_concat_stats,ETTm2,720,1.2036,0.8358
forecasting_electricity_laya_mixer_concat_stats,weather,96,0.6021,0.6017
forecasting_electricity_laya_mixer_concat_stats,weather,192,0.6185,0.6122
forecasting_electricity_laya_mixer_concat_stats,weather,336,0.6423,0.6242
forecasting_electricity_laya_mixer_concat_stats,weather,720,0.6770,0.6428
forecasting_electricity_laya_mixer_concat_text,ETTm1,96,0.4523,0.4914
forecasting_electricity_laya_mixer_concat_text,ETTm1,192,0.5060,0.5206
forecasting_electricity_laya_mixer_concat_text,ETTm1,336,0.5423,0.5364
forecasting_electricity_laya_mixer_concat_text,ETTm1,720,0.5746,0.5566
forecasting_electricity_laya_mixer_concat_text,ETTm2,96,0.5722,0.5450
forecasting_electricity_laya_mixer_concat_text,ETTm2,192,0.5739,0.5488
forecasting_electricity_laya_mixer_concat_text,ETTm2,336,0.6164,0.5735
forecasting_electricity_laya_mixer_concat_text,ETTm2,720,0.6548,0.5989
forecasting_electricity_laya_mixer_concat_text,weather,96,0.4564,0.5104
forecasting_electricity_laya_mixer_concat_text,weather,192,0.4857,0.5258
forecasting_electricity_laya_mixer_concat_text,weather,336,0.5130,0.5419
forecasting_electricity_laya_mixer_concat_text,weather,720,0.5512,0.5641
forecasting_electricity_laya_mixer_concat_text_stats_avg,ETTm1,96,0.5539,0.5458
forecasting_electricity_laya_mixer_concat_text_stats_avg,ETTm1,192,0.5911,0.5633
forecasting_electricity_laya_mixer_concat_text_stats_avg,ETTm1,336,0.6276,0.5804
forecasting_electricity_laya_mixer_concat_text_stats_avg,ETTm1,720,0.6469,0.5928
forecasting_electricity_laya_mixer_concat_text_stats_avg,ETTm2,96,0.6716,0.6151
forecasting_electricity_laya_mixer_concat_text_stats_avg,ETTm2,192,0.6861,0.6226
forecasting_electricity_laya_mixer_concat_text_stats_avg,ETTm2,336,0.7351,0.6413
forecasting_electricity_laya_mixer_concat_text_stats_avg,ETTm2,720,0.7876,0.6701
forecasting_electricity_laya_mixer_concat_text_stats_avg,weather,96,0.4579,0.5186
forecasting_electricity_laya_mixer_concat_text_stats_avg,weather,192,0.4881,0.5354
forecasting_electricity_laya_mixer_concat_text_stats_avg,weather,336,0.5104,0.5474
forecasting_electricity_laya_mixer_concat_text_stats_avg,weather,720,0.5447,0.5670
forecasting_electricity_laya_mixer_concat_text_stats_joint,ETTm1,96,0.5883,0.5209
forecasting_electricity_laya_mixer_concat_text_stats_joint,ETTm1,192,0.6237,0.5383
forecasting_electricity_laya_mixer_concat_text_stats_joint,ETTm1,336,0.6543,0.5549
forecasting_electricity_laya_mixer_concat_text_stats_joint,ETTm1,720,0.6913,0.5811
forecasting_electricity_laya_mixer_concat_text_stats_joint,ETTm2,96,0.6374,0.5521
forecasting_electricity_laya_mixer_concat_text_stats_joint,ETTm2,192,0.6645,0.5696
forecasting_electricity_laya_mixer_concat_text_stats_joint,ETTm2,336,0.6987,0.5903
forecasting_electricity_laya_mixer_concat_text_stats_joint,ETTm2,720,0.7456,0.6151
forecasting_electricity_laya_mixer_concat_text_stats_joint,weather,96,0.5983,0.5945
forecasting_electricity_laya_mixer_concat_text_stats_joint,weather,192,0.6176,0.6057
forecasting_electricity_laya_mixer_concat_text_stats_joint,weather,336,0.6339,0.6147
forecasting_electricity_laya_mixer_concat_text_stats_joint,weather,720,0.6540,0.6265
forecasting_electricity_laya_mixer_stats,ETTm1,96,0.6255,0.6050
forecasting_electricity_laya_mixer_stats,ETTm1,192,0.6692,0.6231
forecasting_electricity_laya_mixer_stats,ETTm1,336,0.7066,0.6407
forecasting_electricity_laya_mixer_stats,ETTm1,720,0.7633,0.6693
forecasting_electricity_laya_mixer_stats,ETTm2,96,0.9081,0.7136
forecasting_electricity_laya_mixer_stats,ETTm2,192,0.9303,0.7227
forecasting_electricity_laya_mixer_stats,ETTm2,336,0.9782,0.7460
forecasting_electricity_laya_mixer_stats,ETTm2,720,0.9838,0.7557
forecasting_electricity_laya_mixer_stats,weather,96,0.5065,0.5466
forecasting_electricity_laya_mixer_stats,weather,192,0.5330,0.5601
forecasting_electricity_laya_mixer_stats,weather,336,0.5556,0.5699
forecasting_electricity_laya_mixer_stats,weather,720,0.6068,0.5998
forecasting_electricity_laya_mixer_text,ETTm1,96,0.4890,0.5113
forecasting_electricity_laya_mixer_text,ETTm1,192,0.5373,0.5349
forecasting_electricity_laya_mixer_text,ETTm1,336,0.5835,0.5587
forecasting_electricity_laya_mixer_text,ETTm1,720,0.6186,0.5803
forecasting_electricity_laya_mixer_text,ETTm2,96,0.5810,0.5835
forecasting_electricity_laya_mixer_text,ETTm2,192,0.5979,0.5876
forecasting_electricity_laya_mixer_text,ETTm2,336,0.6174,0.5981
forecasting_electricity_laya_mixer_text,ETTm2,720,0.6832,0.6335
forecasting_electricity_laya_mixer_text,weather,96,0.5121,0.5469
forecasting_electricity_laya_mixer_text,weather,192,0.5474,0.5658
forecasting_electricity_laya_mixer_text,weather,336,0.5690,0.5732
forecasting_electricity_laya_mixer_text,weather,720,0.6119,0.5967
forecasting_electricity_laya_mixer_text_stats_avg,ETTm1,96,0.4704,0.4871
forecasting_electricity_laya_mixer_text_stats_avg,ETTm1,192,0.5159,0.5074
forecasting_electricity_laya_mixer_text_stats_avg,ETTm1,336,0.5538,0.5258
forecasting_electricity_laya_mixer_text_stats_avg,ETTm1,720,0.5840,0.5462
forecasting_electricity_laya_mixer_text_stats_avg,ETTm2,96,0.4768,0.5060
forecasting_electricity_laya_mixer_text_stats_avg,ETTm2,192,0.5011,0.5176
forecasting_electricity_laya_mixer_text_stats_avg,ETTm2,336,0.5598,0.5458
forecasting_electricity_laya_mixer_text_stats_avg,ETTm2,720,0.6083,0.5691
forecasting_electricity_laya_mixer_text_stats_avg,weather,96,0.4514,0.5190
forecasting_electricity_laya_mixer_text_stats_avg,weather,192,0.4807,0.5352
forecasting_electricity_laya_mixer_text_stats_avg,weather,336,0.5103,0.5505
forecasting_electricity_laya_mixer_text_stats_avg,weather,720,0.5564,0.5729
forecasting_electricity_laya_mixer_text_stats_joint,ETTm1,96,0.4850,0.5104
forecasting_electricity_laya_mixer_text_stats_joint,ETTm1,192,0.5435,0.5396
forecasting_electricity_laya_mixer_text_stats_joint,ETTm1,336,0.5786,0.5536
forecasting_electricity_laya_mixer_text_stats_joint,ETTm1,720,0.6087,0.5720
forecasting_electricity_laya_mixer_text_stats_joint,ETTm2,96,0.7499,0.6655
forecasting_electricity_laya_mixer_text_stats_joint,ETTm2,192,0.7835,0.6833
forecasting_electricity_laya_mixer_text_stats_joint,ETTm2,336,0.8560,0.7239
forecasting_electricity_laya_mixer_text_stats_joint,ETTm2,720,0.8994,0.7412
forecasting_electricity_laya_mixer_text_stats_joint,weather,96,0.5176,0.5418
forecasting_electricity_laya_mixer_text_stats_joint,weather,192,0.5585,0.5658
forecasting_electricity_laya_mixer_text_stats_joint,weather,336,0.5896,0.5798
forecasting_electricity_laya_mixer_text_stats_joint,weather,720,0.6344,0.6054
forecasting_electricity_laya_relation_text,ETTm1,96,0.4507,0.4970
forecasting_electricity_laya_relation_text,ETTm1,192,0.5129,0.5349
forecasting_electricity_laya_relation_text,ETTm1,336,0.6072,0.5798
forecasting_electricity_laya_relation_text,ETTm1,720,0.7638,0.6641
forecasting_electricity_laya_relation_text,ETTm2,96,0.6894,0.6052
forecasting_electricity_laya_relation_text,ETTm2,192,0.8629,0.6725
forecasting_electricity_laya_relation_text,ETTm2,336,1.2251,0.8418
forecasting_electricity_laya_relation_text,ETTm2,720,1.2704,0.8589
forecasting_electricity_laya_relation_text,weather,96,0.2859,0.3477
forecasting_electricity_laya_relation_text,weather,192,0.3288,0.3854
forecasting_electricity_laya_relation_text,weather,336,0.3887,0.4215
forecasting_electricity_laya_relation_text,weather,720,0.4436,0.4607
